title_en;title_nl;accessRights;applicableLegislation;contactPoint_name;contactPoint_email;creator_name;creator_email;creator_identifier;creator_url;description_en;description_nl;identifier;keywords;publisher_name_en;publisher_name_nl;publisher_email;publisher_identifier;publisher_url;theme;numberOfUniqueIndividuals;numberOfRecords
END CURA BOT;END CURA BOT;RESTRICTED;https://eur-lex.europa.eu/eli/reg/2025/327/oj;LUMC Biobankorganisatie;biobankorganisatie@lumc.nl;Prof. dr. N.M. (Natasha) Appelman - Dijkstra;N.M.Appelman-Dijkstra@lumc.nl;https://ror.org/05xvt9f17;https://www.lumc.nl;Lorem ipsum dolor sit amet, consectetur adipiscing elit, sed do eiusmod tempor incididunt ut labore et dolore magna aliqua. Ut enim ad minim veniam, quis nostrud exercitation ullamco laboris nisi ut aliquip ex ea commodo consequat. Duis aute irure dolor in reprehenderit in voluptate velit esse cillum dolore eu fugiat nulla pariatur. Excepteur sint occaecat cupidatat non proident, sunt in culpa qui officia deserunt mollit anim id est laborum.;Lorem ipsum dolor sit amet, consectetur adipiscing elit, sed do eiusmod tempor incididunt ut labore et dolore magna aliqua. Ut enim ad minim veniam, quis nostrud exercitation ullamco laboris nisi ut aliquip ex ea commodo consequat. Duis aute irure dolor in reprehenderit in voluptate velit esse cillum dolore eu fugiat nulla pariatur. Excepteur sint occaecat cupidatat non proident, sunt in culpa qui officia deserunt mollit anim id est laborum.;https://ror.org/05xvt9f17;Lorem, ipsum, dolor, sit, amet;Leiden University Medical Center;Leids Universitair Medisch Centrum;biobankorganisatie@lumc.nl;https://ror.org/05xvt9f17;https://www.lumc.nl;HEAL;854;3429
END CURA DIAB;END CURA DIAB;RESTRICTED;https://eur-lex.europa.eu/eli/reg/2025/327/oj;LUMC Biobankorganisatie;biobankorganisatie@lumc.nl;Prof. dr. E.J.P. (Eelco) de Koning;E.J.P.de_Koning@lumc.nl;https://ror.org/05xvt9f17;https://www.lumc.nl;Lorem ipsum dolor sit amet, consectetur adipiscing elit, sed do eiusmod tempor incididunt ut labore et dolore magna aliqua. Ut enim ad minim veniam, quis nostrud exercitation ullamco laboris nisi ut aliquip ex ea commodo consequat. Duis aute irure dolor in reprehenderit in voluptate velit esse cillum dolore eu fugiat nulla pariatur. Excepteur sint occaecat cupidatat non proident, sunt in culpa qui officia deserunt mollit anim id est laborum.;Lorem ipsum dolor sit amet, consectetur adipiscing elit, sed do eiusmod tempor incididunt ut labore et dolore magna aliqua. Ut enim ad minim veniam, quis nostrud exercitation ullamco laboris nisi ut aliquip ex ea commodo consequat. Duis aute irure dolor in reprehenderit in voluptate velit esse cillum dolore eu fugiat nulla pariatur. Excepteur sint occaecat cupidatat non proident, sunt in culpa qui officia deserunt mollit anim id est laborum.;https://ror.org/05xvt9f17;Lorem, ipsum, dolor, sit, amet;Leiden University Medical Center;Leids Universitair Medisch Centrum;biobankorganisatie@lumc.nl;https://ror.org/05xvt9f17;https://www.lumc.nl;HEAL;449;2631
END CURA ENTU;END CURA ENTU;RESTRICTED;https://eur-lex.europa.eu/eli/reg/2025/327/oj;LUMC Biobankorganisatie;biobankorganisatie@lumc.nl;Prof. dr. N.R. (Nienke) Biermasz;N.R.Biermasz@lumc.nl;https://ror.org/05xvt9f17;https://www.lumc.nl;Lorem ipsum dolor sit amet, consectetur adipiscing elit, sed do eiusmod tempor incididunt ut labore et dolore magna aliqua. Ut enim ad minim veniam, quis nostrud exercitation ullamco laboris nisi ut aliquip ex ea commodo consequat. Duis aute irure dolor in reprehenderit in voluptate velit esse cillum dolore eu fugiat nulla pariatur. Excepteur sint occaecat cupidatat non proident, sunt in culpa qui officia deserunt mollit anim id est laborum.;Lorem ipsum dolor sit amet, consectetur adipiscing elit, sed do eiusmod tempor incididunt ut labore et dolore magna aliqua. Ut enim ad minim veniam, quis nostrud exercitation ullamco laboris nisi ut aliquip ex ea commodo consequat. Duis aute irure dolor in reprehenderit in voluptate velit esse cillum dolore eu fugiat nulla pariatur. Excepteur sint occaecat cupidatat non proident, sunt in culpa qui officia deserunt mollit anim id est laborum.;https://ror.org/05xvt9f17;Lorem, ipsum, dolor, sit, amet;Leiden University Medical Center;Leids Universitair Medisch Centrum;biobankorganisatie@lumc.nl;https://ror.org/05xvt9f17;https://www.lumc.nl;HEAL;719;3111
END PSI DIAB;END PSI DIAB;RESTRICTED;https://eur-lex.europa.eu/eli/reg/2025/327/oj;LUMC Biobankorganisatie;biobankorganisatie@lumc.nl;Prof. dr. O.M. (Olaf) Dekkers;O.M.Dekkers@lumc.nl;https://ror.org/05xvt9f17;https://www.lumc.nl;Lorem ipsum dolor sit amet, consectetur adipiscing elit, sed do eiusmod tempor incididunt ut labore et dolore magna aliqua. Ut enim ad minim veniam, quis nostrud exercitation ullamco laboris nisi ut aliquip ex ea commodo consequat. Duis aute irure dolor in reprehenderit in voluptate velit esse cillum dolore eu fugiat nulla pariatur. Excepteur sint occaecat cupidatat non proident, sunt in culpa qui officia deserunt mollit anim id est laborum.;Lorem ipsum dolor sit amet, consectetur adipiscing elit, sed do eiusmod tempor incididunt ut labore et dolore magna aliqua. Ut enim ad minim veniam, quis nostrud exercitation ullamco laboris nisi ut aliquip ex ea commodo consequat. Duis aute irure dolor in reprehenderit in voluptate velit esse cillum dolore eu fugiat nulla pariatur. Excepteur sint occaecat cupidatat non proident, sunt in culpa qui officia deserunt mollit anim id est laborum.;https://ror.org/05xvt9f17;Lorem, ipsum, dolor, sit, amet;Leiden University Medical Center;Leids Universitair Medisch Centrum;biobankorganisatie@lumc.nl;https://ror.org/05xvt9f17;https://www.lumc.nl;HEAL;326;1282
END PSI MEN1;END PSI MEN1;RESTRICTED;https://eur-lex.europa.eu/eli/reg/2025/327/oj;LUMC Biobankorganisatie;biobankorganisatie@lumc.nl;Prof. dr. O.M. (Olaf) Dekkers;O.M.Dekkers@lumc.nl;https://ror.org/05xvt9f17;https://www.lumc.nl;Lorem ipsum dolor sit amet, consectetur adipiscing elit, sed do eiusmod tempor incididunt ut labore et dolore magna aliqua. Ut enim ad minim veniam, quis nostrud exercitation ullamco laboris nisi ut aliquip ex ea commodo consequat. Duis aute irure dolor in reprehenderit in voluptate velit esse cillum dolore eu fugiat nulla pariatur. Excepteur sint occaecat cupidatat non proident, sunt in culpa qui officia deserunt mollit anim id est laborum.;Lorem ipsum dolor sit amet, consectetur adipiscing elit, sed do eiusmod tempor incididunt ut labore et dolore magna aliqua. Ut enim ad minim veniam, quis nostrud exercitation ullamco laboris nisi ut aliquip ex ea commodo consequat. Duis aute irure dolor in reprehenderit in voluptate velit esse cillum dolore eu fugiat nulla pariatur. Excepteur sint occaecat cupidatat non proident, sunt in culpa qui officia deserunt mollit anim id est laborum.;https://ror.org/05xvt9f17;Lorem, ipsum, dolor, sit, amet;Leiden University Medical Center;Leids Universitair Medisch Centrum;biobankorganisatie@lumc.nl;https://ror.org/05xvt9f17;https://www.lumc.nl;HEAL;3;9
GYV CURA ARCHIPELAGO;GYV CURA ARCHIPELAGO;RESTRICTED;https://eur-lex.europa.eu/eli/reg/2025/327/oj;LUMC Biobankorganisatie;biobankorganisatie@lumc.nl;dr. C.D. (Cor) de Kroon;C.D.de_Kroon@lumc.nl;https://ror.org/05xvt9f17;https://www.lumc.nl;Lorem ipsum dolor sit amet, consectetur adipiscing elit, sed do eiusmod tempor incididunt ut labore et dolore magna aliqua. Ut enim ad minim veniam, quis nostrud exercitation ullamco laboris nisi ut aliquip ex ea commodo consequat. Duis aute irure dolor in reprehenderit in voluptate velit esse cillum dolore eu fugiat nulla pariatur. Excepteur sint occaecat cupidatat non proident, sunt in culpa qui officia deserunt mollit anim id est laborum.;Lorem ipsum dolor sit amet, consectetur adipiscing elit, sed do eiusmod tempor incididunt ut labore et dolore magna aliqua. Ut enim ad minim veniam, quis nostrud exercitation ullamco laboris nisi ut aliquip ex ea commodo consequat. Duis aute irure dolor in reprehenderit in voluptate velit esse cillum dolore eu fugiat nulla pariatur. Excepteur sint occaecat cupidatat non proident, sunt in culpa qui officia deserunt mollit anim id est laborum.;https://ror.org/05xvt9f17;Lorem, ipsum, dolor, sit, amet;Leiden University Medical Center;Leids Universitair Medisch Centrum;biobankorganisatie@lumc.nl;https://ror.org/05xvt9f17;https://www.lumc.nl;HEAL;18;18
GYV CURA HDFN;GYV CURA HDFN;RESTRICTED;https://eur-lex.europa.eu/eli/reg/2025/327/oj;LUMC Biobankorganisatie;biobankorganisatie@lumc.nl;dr. E.J.T. (Joanne) Verweij;E.J.T.Verweij@lumc.nl;https://ror.org/05xvt9f17;https://www.lumc.nl;Lorem ipsum dolor sit amet, consectetur adipiscing elit, sed do eiusmod tempor incididunt ut labore et dolore magna aliqua. Ut enim ad minim veniam, quis nostrud exercitation ullamco laboris nisi ut aliquip ex ea commodo consequat. Duis aute irure dolor in reprehenderit in voluptate velit esse cillum dolore eu fugiat nulla pariatur. Excepteur sint occaecat cupidatat non proident, sunt in culpa qui officia deserunt mollit anim id est laborum.;Lorem ipsum dolor sit amet, consectetur adipiscing elit, sed do eiusmod tempor incididunt ut labore et dolore magna aliqua. Ut enim ad minim veniam, quis nostrud exercitation ullamco laboris nisi ut aliquip ex ea commodo consequat. Duis aute irure dolor in reprehenderit in voluptate velit esse cillum dolore eu fugiat nulla pariatur. Excepteur sint occaecat cupidatat non proident, sunt in culpa qui officia deserunt mollit anim id est laborum.;https://ror.org/05xvt9f17;Lorem, ipsum, dolor, sit, amet;Leiden University Medical Center;Leids Universitair Medisch Centrum;biobankorganisatie@lumc.nl;https://ror.org/05xvt9f17;https://www.lumc.nl;HEAL;8;0
GYV CURA ZZZ;GYV CURA ZZZ;RESTRICTED;https://eur-lex.europa.eu/eli/reg/2025/327/oj;LUMC Biobankorganisatie;biobankorganisatie@lumc.nl;dr. E.J.T. (Joanne) Verweij;E.J.T.Verweij@lumc.nl;https://ror.org/05xvt9f17;https://www.lumc.nl;Lorem ipsum dolor sit amet, consectetur adipiscing elit, sed do eiusmod tempor incididunt ut labore et dolore magna aliqua. Ut enim ad minim veniam, quis nostrud exercitation ullamco laboris nisi ut aliquip ex ea commodo consequat. Duis aute irure dolor in reprehenderit in voluptate velit esse cillum dolore eu fugiat nulla pariatur. Excepteur sint occaecat cupidatat non proident, sunt in culpa qui officia deserunt mollit anim id est laborum.;Lorem ipsum dolor sit amet, consectetur adipiscing elit, sed do eiusmod tempor incididunt ut labore et dolore magna aliqua. Ut enim ad minim veniam, quis nostrud exercitation ullamco laboris nisi ut aliquip ex ea commodo consequat. Duis aute irure dolor in reprehenderit in voluptate velit esse cillum dolore eu fugiat nulla pariatur. Excepteur sint occaecat cupidatat non proident, sunt in culpa qui officia deserunt mollit anim id est laborum.;https://ror.org/05xvt9f17;Lorem, ipsum, dolor, sit, amet;Leiden University Medical Center;Leids Universitair Medisch Centrum;biobankorganisatie@lumc.nl;https://ror.org/05xvt9f17;https://www.lumc.nl;HEAL;55;130
HAH CURA AITROM;HAH CURA AITROM;RESTRICTED;https://eur-lex.europa.eu/eli/reg/2025/327/oj;LUMC Biobankorganisatie;biobankorganisatie@lumc.nl;dr. T.E. (Thijs) van Mens;T.E.van_Mens@lumc.nl;https://ror.org/05xvt9f17;https://www.lumc.nl;Lorem ipsum dolor sit amet, consectetur adipiscing elit, sed do eiusmod tempor incididunt ut labore et dolore magna aliqua. Ut enim ad minim veniam, quis nostrud exercitation ullamco laboris nisi ut aliquip ex ea commodo consequat. Duis aute irure dolor in reprehenderit in voluptate velit esse cillum dolore eu fugiat nulla pariatur. Excepteur sint occaecat cupidatat non proident, sunt in culpa qui officia deserunt mollit anim id est laborum.;Lorem ipsum dolor sit amet, consectetur adipiscing elit, sed do eiusmod tempor incididunt ut labore et dolore magna aliqua. Ut enim ad minim veniam, quis nostrud exercitation ullamco laboris nisi ut aliquip ex ea commodo consequat. Duis aute irure dolor in reprehenderit in voluptate velit esse cillum dolore eu fugiat nulla pariatur. Excepteur sint occaecat cupidatat non proident, sunt in culpa qui officia deserunt mollit anim id est laborum.;https://ror.org/05xvt9f17;Lorem, ipsum, dolor, sit, amet;Leiden University Medical Center;Leids Universitair Medisch Centrum;biobankorganisatie@lumc.nl;https://ror.org/05xvt9f17;https://www.lumc.nl;HEAL;15;55
HAH CURA BLUE;HAH CURA BLUE;RESTRICTED;https://eur-lex.europa.eu/eli/reg/2025/327/oj;LUMC Biobankorganisatie;biobankorganisatie@lumc.nl;Prof. dr. H.C.J. (Jeroen) Eikenboom;H.C.J.Eikenboom@lumc.nl;https://ror.org/05xvt9f17;https://www.lumc.nl;Lorem ipsum dolor sit amet, consectetur adipiscing elit, sed do eiusmod tempor incididunt ut labore et dolore magna aliqua. Ut enim ad minim veniam, quis nostrud exercitation ullamco laboris nisi ut aliquip ex ea commodo consequat. Duis aute irure dolor in reprehenderit in voluptate velit esse cillum dolore eu fugiat nulla pariatur. Excepteur sint occaecat cupidatat non proident, sunt in culpa qui officia deserunt mollit anim id est laborum.;Lorem ipsum dolor sit amet, consectetur adipiscing elit, sed do eiusmod tempor incididunt ut labore et dolore magna aliqua. Ut enim ad minim veniam, quis nostrud exercitation ullamco laboris nisi ut aliquip ex ea commodo consequat. Duis aute irure dolor in reprehenderit in voluptate velit esse cillum dolore eu fugiat nulla pariatur. Excepteur sint occaecat cupidatat non proident, sunt in culpa qui officia deserunt mollit anim id est laborum.;https://ror.org/05xvt9f17;Lorem, ipsum, dolor, sit, amet;Leiden University Medical Center;Leids Universitair Medisch Centrum;biobankorganisatie@lumc.nl;https://ror.org/05xvt9f17;https://www.lumc.nl;HEAL;11;25
HAH CURA HIN6;HAH CURA HIN6;RESTRICTED;https://eur-lex.europa.eu/eli/reg/2025/327/oj;LUMC Biobankorganisatie;biobankorganisatie@lumc.nl;Prof. dr. H.C.J. (Jeroen) Eikenboom;H.C.J.Eikenboom@lumc.nl;https://ror.org/05xvt9f17;https://www.lumc.nl;Lorem ipsum dolor sit amet, consectetur adipiscing elit, sed do eiusmod tempor incididunt ut labore et dolore magna aliqua. Ut enim ad minim veniam, quis nostrud exercitation ullamco laboris nisi ut aliquip ex ea commodo consequat. Duis aute irure dolor in reprehenderit in voluptate velit esse cillum dolore eu fugiat nulla pariatur. Excepteur sint occaecat cupidatat non proident, sunt in culpa qui officia deserunt mollit anim id est laborum.;Lorem ipsum dolor sit amet, consectetur adipiscing elit, sed do eiusmod tempor incididunt ut labore et dolore magna aliqua. Ut enim ad minim veniam, quis nostrud exercitation ullamco laboris nisi ut aliquip ex ea commodo consequat. Duis aute irure dolor in reprehenderit in voluptate velit esse cillum dolore eu fugiat nulla pariatur. Excepteur sint occaecat cupidatat non proident, sunt in culpa qui officia deserunt mollit anim id est laborum.;https://ror.org/05xvt9f17;Lorem, ipsum, dolor, sit, amet;Leiden University Medical Center;Leids Universitair Medisch Centrum;biobankorganisatie@lumc.nl;https://ror.org/05xvt9f17;https://www.lumc.nl;HEAL;118;131
HAH CURA TROEMB;HAH CURA TROEMB;RESTRICTED;https://eur-lex.europa.eu/eli/reg/2025/327/oj;LUMC Biobankorganisatie;biobankorganisatie@lumc.nl;dr. T.E. (Thijs) van Mens;T.E.van_Mens@lumc.nl;https://ror.org/05xvt9f17;https://www.lumc.nl;Lorem ipsum dolor sit amet, consectetur adipiscing elit, sed do eiusmod tempor incididunt ut labore et dolore magna aliqua. Ut enim ad minim veniam, quis nostrud exercitation ullamco laboris nisi ut aliquip ex ea commodo consequat. Duis aute irure dolor in reprehenderit in voluptate velit esse cillum dolore eu fugiat nulla pariatur. Excepteur sint occaecat cupidatat non proident, sunt in culpa qui officia deserunt mollit anim id est laborum.;Lorem ipsum dolor sit amet, consectetur adipiscing elit, sed do eiusmod tempor incididunt ut labore et dolore magna aliqua. Ut enim ad minim veniam, quis nostrud exercitation ullamco laboris nisi ut aliquip ex ea commodo consequat. Duis aute irure dolor in reprehenderit in voluptate velit esse cillum dolore eu fugiat nulla pariatur. Excepteur sint occaecat cupidatat non proident, sunt in culpa qui officia deserunt mollit anim id est laborum.;https://ror.org/05xvt9f17;Lorem, ipsum, dolor, sit, amet;Leiden University Medical Center;Leids Universitair Medisch Centrum;biobankorganisatie@lumc.nl;https://ror.org/05xvt9f17;https://www.lumc.nl;HEAL;3;6
HAH PSI HEMO;HAH PSI HEMO;RESTRICTED;https://eur-lex.europa.eu/eli/reg/2025/327/oj;LUMC Biobankorganisatie;biobankorganisatie@lumc.nl;Prof. dr. H.C.J. (Jeroen) Eikenboom;H.C.J.Eikenboom@lumc.nl;https://ror.org/05xvt9f17;https://www.lumc.nl;Lorem ipsum dolor sit amet, consectetur adipiscing elit, sed do eiusmod tempor incididunt ut labore et dolore magna aliqua. Ut enim ad minim veniam, quis nostrud exercitation ullamco laboris nisi ut aliquip ex ea commodo consequat. Duis aute irure dolor in reprehenderit in voluptate velit esse cillum dolore eu fugiat nulla pariatur. Excepteur sint occaecat cupidatat non proident, sunt in culpa qui officia deserunt mollit anim id est laborum.;Lorem ipsum dolor sit amet, consectetur adipiscing elit, sed do eiusmod tempor incididunt ut labore et dolore magna aliqua. Ut enim ad minim veniam, quis nostrud exercitation ullamco laboris nisi ut aliquip ex ea commodo consequat. Duis aute irure dolor in reprehenderit in voluptate velit esse cillum dolore eu fugiat nulla pariatur. Excepteur sint occaecat cupidatat non proident, sunt in culpa qui officia deserunt mollit anim id est laborum.;https://ror.org/05xvt9f17;Lorem, ipsum, dolor, sit, amet;Leiden University Medical Center;Leids Universitair Medisch Centrum;biobankorganisatie@lumc.nl;https://ror.org/05xvt9f17;https://www.lumc.nl;HEAL;119;488
HLK CURA DUN;HLK CURA DUN;RESTRICTED;https://eur-lex.europa.eu/eli/reg/2025/327/oj;LUMC Biobankorganisatie;biobankorganisatie@lumc.nl;Prof. dr. Nicole Bouvy;n.d.bouvy@lumc.nl;https://ror.org/05xvt9f17;https://www.lumc.nl;Lorem ipsum dolor sit amet, consectetur adipiscing elit, sed do eiusmod tempor incididunt ut labore et dolore magna aliqua. Ut enim ad minim veniam, quis nostrud exercitation ullamco laboris nisi ut aliquip ex ea commodo consequat. Duis aute irure dolor in reprehenderit in voluptate velit esse cillum dolore eu fugiat nulla pariatur. Excepteur sint occaecat cupidatat non proident, sunt in culpa qui officia deserunt mollit anim id est laborum.;Lorem ipsum dolor sit amet, consectetur adipiscing elit, sed do eiusmod tempor incididunt ut labore et dolore magna aliqua. Ut enim ad minim veniam, quis nostrud exercitation ullamco laboris nisi ut aliquip ex ea commodo consequat. Duis aute irure dolor in reprehenderit in voluptate velit esse cillum dolore eu fugiat nulla pariatur. Excepteur sint occaecat cupidatat non proident, sunt in culpa qui officia deserunt mollit anim id est laborum.;https://ror.org/05xvt9f17;Lorem, ipsum, dolor, sit, amet;Leiden University Medical Center;Leids Universitair Medisch Centrum;biobankorganisatie@lumc.nl;https://ror.org/05xvt9f17;https://www.lumc.nl;HEAL;519;1534
HLK CURA MAMMA;HLK CURA MAMMA;RESTRICTED;https://eur-lex.europa.eu/eli/reg/2025/327/oj;LUMC Biobankorganisatie;biobankorganisatie@lumc.nl;dr. W.E. (Wilma) Mesker;W.E.Mesker@lumc.nl;https://ror.org/05xvt9f17;https://www.lumc.nl;Lorem ipsum dolor sit amet, consectetur adipiscing elit, sed do eiusmod tempor incididunt ut labore et dolore magna aliqua. Ut enim ad minim veniam, quis nostrud exercitation ullamco laboris nisi ut aliquip ex ea commodo consequat. Duis aute irure dolor in reprehenderit in voluptate velit esse cillum dolore eu fugiat nulla pariatur. Excepteur sint occaecat cupidatat non proident, sunt in culpa qui officia deserunt mollit anim id est laborum.;Lorem ipsum dolor sit amet, consectetur adipiscing elit, sed do eiusmod tempor incididunt ut labore et dolore magna aliqua. Ut enim ad minim veniam, quis nostrud exercitation ullamco laboris nisi ut aliquip ex ea commodo consequat. Duis aute irure dolor in reprehenderit in voluptate velit esse cillum dolore eu fugiat nulla pariatur. Excepteur sint occaecat cupidatat non proident, sunt in culpa qui officia deserunt mollit anim id est laborum.;https://ror.org/05xvt9f17;Lorem, ipsum, dolor, sit, amet;Leiden University Medical Center;Leids Universitair Medisch Centrum;biobankorganisatie@lumc.nl;https://ror.org/05xvt9f17;https://www.lumc.nl;HEAL;89;139
HRT CURA ACHD;HRT CURA ACHD;RESTRICTED;https://eur-lex.europa.eu/eli/reg/2025/327/oj;LUMC Biobankorganisatie;biobankorganisatie@lumc.nl;Prof. dr. M.R.M. (Monique) Jongbloed;M.R.M.Jongbloed@lumc.nl;https://ror.org/05xvt9f17;https://www.lumc.nl;Lorem ipsum dolor sit amet, consectetur adipiscing elit, sed do eiusmod tempor incididunt ut labore et dolore magna aliqua. Ut enim ad minim veniam, quis nostrud exercitation ullamco laboris nisi ut aliquip ex ea commodo consequat. Duis aute irure dolor in reprehenderit in voluptate velit esse cillum dolore eu fugiat nulla pariatur. Excepteur sint occaecat cupidatat non proident, sunt in culpa qui officia deserunt mollit anim id est laborum.;Lorem ipsum dolor sit amet, consectetur adipiscing elit, sed do eiusmod tempor incididunt ut labore et dolore magna aliqua. Ut enim ad minim veniam, quis nostrud exercitation ullamco laboris nisi ut aliquip ex ea commodo consequat. Duis aute irure dolor in reprehenderit in voluptate velit esse cillum dolore eu fugiat nulla pariatur. Excepteur sint occaecat cupidatat non proident, sunt in culpa qui officia deserunt mollit anim id est laborum.;https://ror.org/05xvt9f17;Lorem, ipsum, dolor, sit, amet;Leiden University Medical Center;Leids Universitair Medisch Centrum;biobankorganisatie@lumc.nl;https://ror.org/05xvt9f17;https://www.lumc.nl;HEAL;112;248
HRT CURA BIOH;HRT CURA BIOH;RESTRICTED;https://eur-lex.europa.eu/eli/reg/2025/327/oj;LUMC Biobankorganisatie;biobankorganisatie@lumc.nl;dr. L.F. (Laurens) Tops;L.F.Tops@lumc.nl;https://ror.org/05xvt9f17;https://www.lumc.nl;Lorem ipsum dolor sit amet, consectetur adipiscing elit, sed do eiusmod tempor incididunt ut labore et dolore magna aliqua. Ut enim ad minim veniam, quis nostrud exercitation ullamco laboris nisi ut aliquip ex ea commodo consequat. Duis aute irure dolor in reprehenderit in voluptate velit esse cillum dolore eu fugiat nulla pariatur. Excepteur sint occaecat cupidatat non proident, sunt in culpa qui officia deserunt mollit anim id est laborum.;Lorem ipsum dolor sit amet, consectetur adipiscing elit, sed do eiusmod tempor incididunt ut labore et dolore magna aliqua. Ut enim ad minim veniam, quis nostrud exercitation ullamco laboris nisi ut aliquip ex ea commodo consequat. Duis aute irure dolor in reprehenderit in voluptate velit esse cillum dolore eu fugiat nulla pariatur. Excepteur sint occaecat cupidatat non proident, sunt in culpa qui officia deserunt mollit anim id est laborum.;https://ror.org/05xvt9f17;Lorem, ipsum, dolor, sit, amet;Leiden University Medical Center;Leids Universitair Medisch Centrum;biobankorganisatie@lumc.nl;https://ror.org/05xvt9f17;https://www.lumc.nl;HEAL;21;117
HRT CURA FULST;HRT CURA FULST;RESTRICTED;https://eur-lex.europa.eu/eli/reg/2025/327/oj;LUMC Biobankorganisatie;biobankorganisatie@lumc.nl;Prof. dr. M.R.M. (Monique) Jongbloed;M.R.M.Jongbloed@lumc.nl;https://ror.org/05xvt9f17;https://www.lumc.nl;Lorem ipsum dolor sit amet, consectetur adipiscing elit, sed do eiusmod tempor incididunt ut labore et dolore magna aliqua. Ut enim ad minim veniam, quis nostrud exercitation ullamco laboris nisi ut aliquip ex ea commodo consequat. Duis aute irure dolor in reprehenderit in voluptate velit esse cillum dolore eu fugiat nulla pariatur. Excepteur sint occaecat cupidatat non proident, sunt in culpa qui officia deserunt mollit anim id est laborum.;Lorem ipsum dolor sit amet, consectetur adipiscing elit, sed do eiusmod tempor incididunt ut labore et dolore magna aliqua. Ut enim ad minim veniam, quis nostrud exercitation ullamco laboris nisi ut aliquip ex ea commodo consequat. Duis aute irure dolor in reprehenderit in voluptate velit esse cillum dolore eu fugiat nulla pariatur. Excepteur sint occaecat cupidatat non proident, sunt in culpa qui officia deserunt mollit anim id est laborum.;https://ror.org/05xvt9f17;Lorem, ipsum, dolor, sit, amet;Leiden University Medical Center;Leids Universitair Medisch Centrum;biobankorganisatie@lumc.nl;https://ror.org/05xvt9f17;https://www.lumc.nl;HEAL;251;740
HRT CURA IHZ;HRT CURA IHZ;RESTRICTED;https://eur-lex.europa.eu/eli/reg/2025/327/oj;LUMC Biobankorganisatie;biobankorganisatie@lumc.nl;Prof. dr. J.W. (Wouter) Jukema;J.W.Jukema@lumc.nl;https://ror.org/05xvt9f17;https://www.lumc.nl;Lorem ipsum dolor sit amet, consectetur adipiscing elit, sed do eiusmod tempor incididunt ut labore et dolore magna aliqua. Ut enim ad minim veniam, quis nostrud exercitation ullamco laboris nisi ut aliquip ex ea commodo consequat. Duis aute irure dolor in reprehenderit in voluptate velit esse cillum dolore eu fugiat nulla pariatur. Excepteur sint occaecat cupidatat non proident, sunt in culpa qui officia deserunt mollit anim id est laborum.;Lorem ipsum dolor sit amet, consectetur adipiscing elit, sed do eiusmod tempor incididunt ut labore et dolore magna aliqua. Ut enim ad minim veniam, quis nostrud exercitation ullamco laboris nisi ut aliquip ex ea commodo consequat. Duis aute irure dolor in reprehenderit in voluptate velit esse cillum dolore eu fugiat nulla pariatur. Excepteur sint occaecat cupidatat non proident, sunt in culpa qui officia deserunt mollit anim id est laborum.;https://ror.org/05xvt9f17;Lorem, ipsum, dolor, sit, amet;Leiden University Medical Center;Leids Universitair Medisch Centrum;biobankorganisatie@lumc.nl;https://ror.org/05xvt9f17;https://www.lumc.nl;HEAL;683;398
HRT CURA MINOCA;HRT CURA MINOCA;RESTRICTED;https://eur-lex.europa.eu/eli/reg/2025/327/oj;LUMC Biobankorganisatie;biobankorganisatie@lumc.nl;Prof. dr. J.W. (Wouter) Jukema;J.W.Jukema@lumc.nl;https://ror.org/05xvt9f17;https://www.lumc.nl;Lorem ipsum dolor sit amet, consectetur adipiscing elit, sed do eiusmod tempor incididunt ut labore et dolore magna aliqua. Ut enim ad minim veniam, quis nostrud exercitation ullamco laboris nisi ut aliquip ex ea commodo consequat. Duis aute irure dolor in reprehenderit in voluptate velit esse cillum dolore eu fugiat nulla pariatur. Excepteur sint occaecat cupidatat non proident, sunt in culpa qui officia deserunt mollit anim id est laborum.;Lorem ipsum dolor sit amet, consectetur adipiscing elit, sed do eiusmod tempor incididunt ut labore et dolore magna aliqua. Ut enim ad minim veniam, quis nostrud exercitation ullamco laboris nisi ut aliquip ex ea commodo consequat. Duis aute irure dolor in reprehenderit in voluptate velit esse cillum dolore eu fugiat nulla pariatur. Excepteur sint occaecat cupidatat non proident, sunt in culpa qui officia deserunt mollit anim id est laborum.;https://ror.org/05xvt9f17;Lorem, ipsum, dolor, sit, amet;Leiden University Medical Center;Leids Universitair Medisch Centrum;biobankorganisatie@lumc.nl;https://ror.org/05xvt9f17;https://www.lumc.nl;HEAL;111;228
HRT PSI IHZ;HRT PSI IHZ;RESTRICTED;https://eur-lex.europa.eu/eli/reg/2025/327/oj;LUMC Biobankorganisatie;biobankorganisatie@lumc.nl;Prof. dr. J.W. (Wouter) Jukema;J.W.Jukema@lumc.nl;https://ror.org/05xvt9f17;https://www.lumc.nl;Lorem ipsum dolor sit amet, consectetur adipiscing elit, sed do eiusmod tempor incididunt ut labore et dolore magna aliqua. Ut enim ad minim veniam, quis nostrud exercitation ullamco laboris nisi ut aliquip ex ea commodo consequat. Duis aute irure dolor in reprehenderit in voluptate velit esse cillum dolore eu fugiat nulla pariatur. Excepteur sint occaecat cupidatat non proident, sunt in culpa qui officia deserunt mollit anim id est laborum.;Lorem ipsum dolor sit amet, consectetur adipiscing elit, sed do eiusmod tempor incididunt ut labore et dolore magna aliqua. Ut enim ad minim veniam, quis nostrud exercitation ullamco laboris nisi ut aliquip ex ea commodo consequat. Duis aute irure dolor in reprehenderit in voluptate velit esse cillum dolore eu fugiat nulla pariatur. Excepteur sint occaecat cupidatat non proident, sunt in culpa qui officia deserunt mollit anim id est laborum.;https://ror.org/05xvt9f17;Lorem, ipsum, dolor, sit, amet;Leiden University Medical Center;Leids Universitair Medisch Centrum;biobankorganisatie@lumc.nl;https://ror.org/05xvt9f17;https://www.lumc.nl;HEAL;736;1293
HUI CURA MELA;HUI CURA MELA;RESTRICTED;https://eur-lex.europa.eu/eli/reg/2025/327/oj;LUMC Biobankorganisatie;biobankorganisatie@lumc.nl;Prof. dr. R. (Remco) van Doorn;R.van_Doorn@lumc.nl;https://ror.org/05xvt9f17;https://www.lumc.nl;Lorem ipsum dolor sit amet, consectetur adipiscing elit, sed do eiusmod tempor incididunt ut labore et dolore magna aliqua. Ut enim ad minim veniam, quis nostrud exercitation ullamco laboris nisi ut aliquip ex ea commodo consequat. Duis aute irure dolor in reprehenderit in voluptate velit esse cillum dolore eu fugiat nulla pariatur. Excepteur sint occaecat cupidatat non proident, sunt in culpa qui officia deserunt mollit anim id est laborum.;Lorem ipsum dolor sit amet, consectetur adipiscing elit, sed do eiusmod tempor incididunt ut labore et dolore magna aliqua. Ut enim ad minim veniam, quis nostrud exercitation ullamco laboris nisi ut aliquip ex ea commodo consequat. Duis aute irure dolor in reprehenderit in voluptate velit esse cillum dolore eu fugiat nulla pariatur. Excepteur sint occaecat cupidatat non proident, sunt in culpa qui officia deserunt mollit anim id est laborum.;https://ror.org/05xvt9f17;Lorem, ipsum, dolor, sit, amet;Leiden University Medical Center;Leids Universitair Medisch Centrum;biobankorganisatie@lumc.nl;https://ror.org/05xvt9f17;https://www.lumc.nl;HEAL;18;61
KG CURA CADASIL;KG CURA CADASIL;RESTRICTED;https://eur-lex.europa.eu/eli/reg/2025/327/oj;LUMC Biobankorganisatie;biobankorganisatie@lumc.nl;dr. S.A.M.J. (Saskia) Lesnik Oberstein;S.A.M.J.Lesnik@lumc.nl;https://ror.org/05xvt9f17;https://www.lumc.nl;Lorem ipsum dolor sit amet, consectetur adipiscing elit, sed do eiusmod tempor incididunt ut labore et dolore magna aliqua. Ut enim ad minim veniam, quis nostrud exercitation ullamco laboris nisi ut aliquip ex ea commodo consequat. Duis aute irure dolor in reprehenderit in voluptate velit esse cillum dolore eu fugiat nulla pariatur. Excepteur sint occaecat cupidatat non proident, sunt in culpa qui officia deserunt mollit anim id est laborum.;Lorem ipsum dolor sit amet, consectetur adipiscing elit, sed do eiusmod tempor incididunt ut labore et dolore magna aliqua. Ut enim ad minim veniam, quis nostrud exercitation ullamco laboris nisi ut aliquip ex ea commodo consequat. Duis aute irure dolor in reprehenderit in voluptate velit esse cillum dolore eu fugiat nulla pariatur. Excepteur sint occaecat cupidatat non proident, sunt in culpa qui officia deserunt mollit anim id est laborum.;https://ror.org/05xvt9f17;Lorem, ipsum, dolor, sit, amet;Leiden University Medical Center;Leids Universitair Medisch Centrum;biobankorganisatie@lumc.nl;https://ror.org/05xvt9f17;https://www.lumc.nl;HEAL;293;2545
KG CURA CADASIL2;KG CURA CADASIL2;RESTRICTED;https://eur-lex.europa.eu/eli/reg/2025/327/oj;LUMC Biobankorganisatie;biobankorganisatie@lumc.nl;dr. S.A.M.J. (Saskia) Lesnik Oberstein;S.A.M.J.Lesnik@lumc.nl;https://ror.org/05xvt9f17;https://www.lumc.nl;Lorem ipsum dolor sit amet, consectetur adipiscing elit, sed do eiusmod tempor incididunt ut labore et dolore magna aliqua. Ut enim ad minim veniam, quis nostrud exercitation ullamco laboris nisi ut aliquip ex ea commodo consequat. Duis aute irure dolor in reprehenderit in voluptate velit esse cillum dolore eu fugiat nulla pariatur. Excepteur sint occaecat cupidatat non proident, sunt in culpa qui officia deserunt mollit anim id est laborum.;Lorem ipsum dolor sit amet, consectetur adipiscing elit, sed do eiusmod tempor incididunt ut labore et dolore magna aliqua. Ut enim ad minim veniam, quis nostrud exercitation ullamco laboris nisi ut aliquip ex ea commodo consequat. Duis aute irure dolor in reprehenderit in voluptate velit esse cillum dolore eu fugiat nulla pariatur. Excepteur sint occaecat cupidatat non proident, sunt in culpa qui officia deserunt mollit anim id est laborum.;https://ror.org/05xvt9f17;Lorem, ipsum, dolor, sit, amet;Leiden University Medical Center;Leids Universitair Medisch Centrum;biobankorganisatie@lumc.nl;https://ror.org/05xvt9f17;https://www.lumc.nl;HEAL;1;1
KG CURA GenO;KG CURA GenO;RESTRICTED;https://eur-lex.europa.eu/eli/reg/2025/327/oj;LUMC Biobankorganisatie;biobankorganisatie@lumc.nl;prof.dr. G.W.E. (Gijs) Santen;G.W.E.Santen@lumc.nl;https://ror.org/05xvt9f17;https://www.lumc.nl;Lorem ipsum dolor sit amet, consectetur adipiscing elit, sed do eiusmod tempor incididunt ut labore et dolore magna aliqua. Ut enim ad minim veniam, quis nostrud exercitation ullamco laboris nisi ut aliquip ex ea commodo consequat. Duis aute irure dolor in reprehenderit in voluptate velit esse cillum dolore eu fugiat nulla pariatur. Excepteur sint occaecat cupidatat non proident, sunt in culpa qui officia deserunt mollit anim id est laborum.;Lorem ipsum dolor sit amet, consectetur adipiscing elit, sed do eiusmod tempor incididunt ut labore et dolore magna aliqua. Ut enim ad minim veniam, quis nostrud exercitation ullamco laboris nisi ut aliquip ex ea commodo consequat. Duis aute irure dolor in reprehenderit in voluptate velit esse cillum dolore eu fugiat nulla pariatur. Excepteur sint occaecat cupidatat non proident, sunt in culpa qui officia deserunt mollit anim id est laborum.;https://ror.org/05xvt9f17;Lorem, ipsum, dolor, sit, amet;Leiden University Medical Center;Leids Universitair Medisch Centrum;biobankorganisatie@lumc.nl;https://ror.org/05xvt9f17;https://www.lumc.nl;HEAL;1;1
KG CURA gSVD;KG CURA gSVD;RESTRICTED;https://eur-lex.europa.eu/eli/reg/2025/327/oj;LUMC Biobankorganisatie;biobankorganisatie@lumc.nl;prof.dr. G.W.E. (Gijs) Santen;G.W.E.Santen@lumc.nl;https://ror.org/05xvt9f17;https://www.lumc.nl;Lorem ipsum dolor sit amet, consectetur adipiscing elit, sed do eiusmod tempor incididunt ut labore et dolore magna aliqua. Ut enim ad minim veniam, quis nostrud exercitation ullamco laboris nisi ut aliquip ex ea commodo consequat. Duis aute irure dolor in reprehenderit in voluptate velit esse cillum dolore eu fugiat nulla pariatur. Excepteur sint occaecat cupidatat non proident, sunt in culpa qui officia deserunt mollit anim id est laborum.;Lorem ipsum dolor sit amet, consectetur adipiscing elit, sed do eiusmod tempor incididunt ut labore et dolore magna aliqua. Ut enim ad minim veniam, quis nostrud exercitation ullamco laboris nisi ut aliquip ex ea commodo consequat. Duis aute irure dolor in reprehenderit in voluptate velit esse cillum dolore eu fugiat nulla pariatur. Excepteur sint occaecat cupidatat non proident, sunt in culpa qui officia deserunt mollit anim id est laborum.;https://ror.org/05xvt9f17;Lorem, ipsum, dolor, sit, amet;Leiden University Medical Center;Leids Universitair Medisch Centrum;biobankorganisatie@lumc.nl;https://ror.org/05xvt9f17;https://www.lumc.nl;HEAL;1;0
KG CURA IDMCA;KG CURA IDMCA;RESTRICTED;https://eur-lex.europa.eu/eli/reg/2025/327/oj;LUMC Biobankorganisatie;biobankorganisatie@lumc.nl;prof.dr. G.W.E. (Gijs) Santen;G.W.E.Santen@lumc.nl;https://ror.org/05xvt9f17;https://www.lumc.nl;Lorem ipsum dolor sit amet, consectetur adipiscing elit, sed do eiusmod tempor incididunt ut labore et dolore magna aliqua. Ut enim ad minim veniam, quis nostrud exercitation ullamco laboris nisi ut aliquip ex ea commodo consequat. Duis aute irure dolor in reprehenderit in voluptate velit esse cillum dolore eu fugiat nulla pariatur. Excepteur sint occaecat cupidatat non proident, sunt in culpa qui officia deserunt mollit anim id est laborum.;Lorem ipsum dolor sit amet, consectetur adipiscing elit, sed do eiusmod tempor incididunt ut labore et dolore magna aliqua. Ut enim ad minim veniam, quis nostrud exercitation ullamco laboris nisi ut aliquip ex ea commodo consequat. Duis aute irure dolor in reprehenderit in voluptate velit esse cillum dolore eu fugiat nulla pariatur. Excepteur sint occaecat cupidatat non proident, sunt in culpa qui officia deserunt mollit anim id est laborum.;https://ror.org/05xvt9f17;Lorem, ipsum, dolor, sit, amet;Leiden University Medical Center;Leids Universitair Medisch Centrum;biobankorganisatie@lumc.nl;https://ror.org/05xvt9f17;https://www.lumc.nl;HEAL;35;78
KG CURA KG;KG CURA KG;RESTRICTED;https://eur-lex.europa.eu/eli/reg/2025/327/oj;LUMC Biobankorganisatie;biobankorganisatie@lumc.nl;prof.dr. G.W.E. (Gijs) Santen;G.W.E.Santen@lumc.nl;https://ror.org/05xvt9f17;https://www.lumc.nl;Lorem ipsum dolor sit amet, consectetur adipiscing elit, sed do eiusmod tempor incididunt ut labore et dolore magna aliqua. Ut enim ad minim veniam, quis nostrud exercitation ullamco laboris nisi ut aliquip ex ea commodo consequat. Duis aute irure dolor in reprehenderit in voluptate velit esse cillum dolore eu fugiat nulla pariatur. Excepteur sint occaecat cupidatat non proident, sunt in culpa qui officia deserunt mollit anim id est laborum.;Lorem ipsum dolor sit amet, consectetur adipiscing elit, sed do eiusmod tempor incididunt ut labore et dolore magna aliqua. Ut enim ad minim veniam, quis nostrud exercitation ullamco laboris nisi ut aliquip ex ea commodo consequat. Duis aute irure dolor in reprehenderit in voluptate velit esse cillum dolore eu fugiat nulla pariatur. Excepteur sint occaecat cupidatat non proident, sunt in culpa qui officia deserunt mollit anim id est laborum.;https://ror.org/05xvt9f17;Lorem, ipsum, dolor, sit, amet;Leiden University Medical Center;Leids Universitair Medisch Centrum;biobankorganisatie@lumc.nl;https://ror.org/05xvt9f17;https://www.lumc.nl;HEAL;1;0
KJC CURA AGORA;KJC CURA AGORA;RESTRICTED;https://eur-lex.europa.eu/eli/reg/2025/327/oj;LUMC Biobankorganisatie;biobankorganisatie@lumc.nl;dr. J. (Jaap) Mulder;J.Mulder3@lumc.nl;https://ror.org/05xvt9f17;https://www.lumc.nl;Lorem ipsum dolor sit amet, consectetur adipiscing elit, sed do eiusmod tempor incididunt ut labore et dolore magna aliqua. Ut enim ad minim veniam, quis nostrud exercitation ullamco laboris nisi ut aliquip ex ea commodo consequat. Duis aute irure dolor in reprehenderit in voluptate velit esse cillum dolore eu fugiat nulla pariatur. Excepteur sint occaecat cupidatat non proident, sunt in culpa qui officia deserunt mollit anim id est laborum.;Lorem ipsum dolor sit amet, consectetur adipiscing elit, sed do eiusmod tempor incididunt ut labore et dolore magna aliqua. Ut enim ad minim veniam, quis nostrud exercitation ullamco laboris nisi ut aliquip ex ea commodo consequat. Duis aute irure dolor in reprehenderit in voluptate velit esse cillum dolore eu fugiat nulla pariatur. Excepteur sint occaecat cupidatat non proident, sunt in culpa qui officia deserunt mollit anim id est laborum.;https://ror.org/05xvt9f17;Lorem, ipsum, dolor, sit, amet;Leiden University Medical Center;Leids Universitair Medisch Centrum;biobankorganisatie@lumc.nl;https://ror.org/05xvt9f17;https://www.lumc.nl;HEAL;211;210
KJC CURA FONTAN;KJC CURA FONTAN;RESTRICTED;https://eur-lex.europa.eu/eli/reg/2025/327/oj;LUMC Biobankorganisatie;biobankorganisatie@lumc.nl;drs. M.B. (Marieke) Veenhof;M.B.Veenhof@lumc.nl;https://ror.org/05xvt9f17;https://www.lumc.nl;Lorem ipsum dolor sit amet, consectetur adipiscing elit, sed do eiusmod tempor incididunt ut labore et dolore magna aliqua. Ut enim ad minim veniam, quis nostrud exercitation ullamco laboris nisi ut aliquip ex ea commodo consequat. Duis aute irure dolor in reprehenderit in voluptate velit esse cillum dolore eu fugiat nulla pariatur. Excepteur sint occaecat cupidatat non proident, sunt in culpa qui officia deserunt mollit anim id est laborum.;Lorem ipsum dolor sit amet, consectetur adipiscing elit, sed do eiusmod tempor incididunt ut labore et dolore magna aliqua. Ut enim ad minim veniam, quis nostrud exercitation ullamco laboris nisi ut aliquip ex ea commodo consequat. Duis aute irure dolor in reprehenderit in voluptate velit esse cillum dolore eu fugiat nulla pariatur. Excepteur sint occaecat cupidatat non proident, sunt in culpa qui officia deserunt mollit anim id est laborum.;https://ror.org/05xvt9f17;Lorem, ipsum, dolor, sit, amet;Leiden University Medical Center;Leids Universitair Medisch Centrum;biobankorganisatie@lumc.nl;https://ror.org/05xvt9f17;https://www.lumc.nl;HEAL;26;52
LNG CURA LONG;LNG CURA LONG;RESTRICTED;https://eur-lex.europa.eu/eli/reg/2025/327/oj;LUMC Biobankorganisatie;biobankorganisatie@lumc.nl;dr. A. (Anne) van der Does;A.van_der_Does@lumc.nl;https://ror.org/05xvt9f17;https://www.lumc.nl;Lorem ipsum dolor sit amet, consectetur adipiscing elit, sed do eiusmod tempor incididunt ut labore et dolore magna aliqua. Ut enim ad minim veniam, quis nostrud exercitation ullamco laboris nisi ut aliquip ex ea commodo consequat. Duis aute irure dolor in reprehenderit in voluptate velit esse cillum dolore eu fugiat nulla pariatur. Excepteur sint occaecat cupidatat non proident, sunt in culpa qui officia deserunt mollit anim id est laborum.;Lorem ipsum dolor sit amet, consectetur adipiscing elit, sed do eiusmod tempor incididunt ut labore et dolore magna aliqua. Ut enim ad minim veniam, quis nostrud exercitation ullamco laboris nisi ut aliquip ex ea commodo consequat. Duis aute irure dolor in reprehenderit in voluptate velit esse cillum dolore eu fugiat nulla pariatur. Excepteur sint occaecat cupidatat non proident, sunt in culpa qui officia deserunt mollit anim id est laborum.;https://ror.org/05xvt9f17;Lorem, ipsum, dolor, sit, amet;Leiden University Medical Center;Leids Universitair Medisch Centrum;biobankorganisatie@lumc.nl;https://ror.org/05xvt9f17;https://www.lumc.nl;HEAL;1;0
MAA CURA COEL;MAA CURA COEL;RESTRICTED;https://eur-lex.europa.eu/eli/reg/2025/327/oj;LUMC Biobankorganisatie;biobankorganisatie@lumc.nl;dr. C.R. (Caroline) Meijer;C.R.Meijer-Boekel@lumc.nl;https://ror.org/05xvt9f17;https://www.lumc.nl;Lorem ipsum dolor sit amet, consectetur adipiscing elit, sed do eiusmod tempor incididunt ut labore et dolore magna aliqua. Ut enim ad minim veniam, quis nostrud exercitation ullamco laboris nisi ut aliquip ex ea commodo consequat. Duis aute irure dolor in reprehenderit in voluptate velit esse cillum dolore eu fugiat nulla pariatur. Excepteur sint occaecat cupidatat non proident, sunt in culpa qui officia deserunt mollit anim id est laborum.;Lorem ipsum dolor sit amet, consectetur adipiscing elit, sed do eiusmod tempor incididunt ut labore et dolore magna aliqua. Ut enim ad minim veniam, quis nostrud exercitation ullamco laboris nisi ut aliquip ex ea commodo consequat. Duis aute irure dolor in reprehenderit in voluptate velit esse cillum dolore eu fugiat nulla pariatur. Excepteur sint occaecat cupidatat non proident, sunt in culpa qui officia deserunt mollit anim id est laborum.;https://ror.org/05xvt9f17;Lorem, ipsum, dolor, sit, amet;Leiden University Medical Center;Leids Universitair Medisch Centrum;biobankorganisatie@lumc.nl;https://ror.org/05xvt9f17;https://www.lumc.nl;HEAL;360;2170
MAA CURA CRC;MAA CURA CRC;RESTRICTED;https://eur-lex.europa.eu/eli/reg/2025/327/oj;LUMC Biobankorganisatie;biobankorganisatie@lumc.nl;dr. L.J.A.C. (Luuk) Hawinkels;L.J.A.C.Hawinkels@lumc.nl;https://ror.org/05xvt9f17;https://www.lumc.nl;Lorem ipsum dolor sit amet, consectetur adipiscing elit, sed do eiusmod tempor incididunt ut labore et dolore magna aliqua. Ut enim ad minim veniam, quis nostrud exercitation ullamco laboris nisi ut aliquip ex ea commodo consequat. Duis aute irure dolor in reprehenderit in voluptate velit esse cillum dolore eu fugiat nulla pariatur. Excepteur sint occaecat cupidatat non proident, sunt in culpa qui officia deserunt mollit anim id est laborum.;Lorem ipsum dolor sit amet, consectetur adipiscing elit, sed do eiusmod tempor incididunt ut labore et dolore magna aliqua. Ut enim ad minim veniam, quis nostrud exercitation ullamco laboris nisi ut aliquip ex ea commodo consequat. Duis aute irure dolor in reprehenderit in voluptate velit esse cillum dolore eu fugiat nulla pariatur. Excepteur sint occaecat cupidatat non proident, sunt in culpa qui officia deserunt mollit anim id est laborum.;https://ror.org/05xvt9f17;Lorem, ipsum, dolor, sit, amet;Leiden University Medical Center;Leids Universitair Medisch Centrum;biobankorganisatie@lumc.nl;https://ror.org/05xvt9f17;https://www.lumc.nl;HEAL;1060;2945
MAA CURA HCCA;MAA CURA HCCA;RESTRICTED;https://eur-lex.europa.eu/eli/reg/2025/327/oj;LUMC Biobankorganisatie;biobankorganisatie@lumc.nl;prof.dr. M.J. (Minneke) Coenraad;M.J.Coenraad@lumc.nl;https://ror.org/05xvt9f17;https://www.lumc.nl;Lorem ipsum dolor sit amet, consectetur adipiscing elit, sed do eiusmod tempor incididunt ut labore et dolore magna aliqua. Ut enim ad minim veniam, quis nostrud exercitation ullamco laboris nisi ut aliquip ex ea commodo consequat. Duis aute irure dolor in reprehenderit in voluptate velit esse cillum dolore eu fugiat nulla pariatur. Excepteur sint occaecat cupidatat non proident, sunt in culpa qui officia deserunt mollit anim id est laborum.;Lorem ipsum dolor sit amet, consectetur adipiscing elit, sed do eiusmod tempor incididunt ut labore et dolore magna aliqua. Ut enim ad minim veniam, quis nostrud exercitation ullamco laboris nisi ut aliquip ex ea commodo consequat. Duis aute irure dolor in reprehenderit in voluptate velit esse cillum dolore eu fugiat nulla pariatur. Excepteur sint occaecat cupidatat non proident, sunt in culpa qui officia deserunt mollit anim id est laborum.;https://ror.org/05xvt9f17;Lorem, ipsum, dolor, sit, amet;Leiden University Medical Center;Leids Universitair Medisch Centrum;biobankorganisatie@lumc.nl;https://ror.org/05xvt9f17;https://www.lumc.nl;HEAL;304;1768
MAA CURA IBD;MAA CURA IBD;RESTRICTED;https://eur-lex.europa.eu/eli/reg/2025/327/oj;LUMC Biobankorganisatie;biobankorganisatie@lumc.nl;dr. A.E. (Andrea) van der Meulen - de Jong;ae.meulen@lumc.nl;https://ror.org/05xvt9f17;https://www.lumc.nl;Lorem ipsum dolor sit amet, consectetur adipiscing elit, sed do eiusmod tempor incididunt ut labore et dolore magna aliqua. Ut enim ad minim veniam, quis nostrud exercitation ullamco laboris nisi ut aliquip ex ea commodo consequat. Duis aute irure dolor in reprehenderit in voluptate velit esse cillum dolore eu fugiat nulla pariatur. Excepteur sint occaecat cupidatat non proident, sunt in culpa qui officia deserunt mollit anim id est laborum.;Lorem ipsum dolor sit amet, consectetur adipiscing elit, sed do eiusmod tempor incididunt ut labore et dolore magna aliqua. Ut enim ad minim veniam, quis nostrud exercitation ullamco laboris nisi ut aliquip ex ea commodo consequat. Duis aute irure dolor in reprehenderit in voluptate velit esse cillum dolore eu fugiat nulla pariatur. Excepteur sint occaecat cupidatat non proident, sunt in culpa qui officia deserunt mollit anim id est laborum.;https://ror.org/05xvt9f17;Lorem, ipsum, dolor, sit, amet;Leiden University Medical Center;Leids Universitair Medisch Centrum;biobankorganisatie@lumc.nl;https://ror.org/05xvt9f17;https://www.lumc.nl;HEAL;848;4372
MAA CURA LEVR;MAA CURA LEVR;RESTRICTED;https://eur-lex.europa.eu/eli/reg/2025/327/oj;LUMC Biobankorganisatie;biobankorganisatie@lumc.nl;prof.dr. M.J. (Minneke) Coenraad;M.J.Coenraad@lumc.nl;https://ror.org/05xvt9f17;https://www.lumc.nl;Lorem ipsum dolor sit amet, consectetur adipiscing elit, sed do eiusmod tempor incididunt ut labore et dolore magna aliqua. Ut enim ad minim veniam, quis nostrud exercitation ullamco laboris nisi ut aliquip ex ea commodo consequat. Duis aute irure dolor in reprehenderit in voluptate velit esse cillum dolore eu fugiat nulla pariatur. Excepteur sint occaecat cupidatat non proident, sunt in culpa qui officia deserunt mollit anim id est laborum.;Lorem ipsum dolor sit amet, consectetur adipiscing elit, sed do eiusmod tempor incididunt ut labore et dolore magna aliqua. Ut enim ad minim veniam, quis nostrud exercitation ullamco laboris nisi ut aliquip ex ea commodo consequat. Duis aute irure dolor in reprehenderit in voluptate velit esse cillum dolore eu fugiat nulla pariatur. Excepteur sint occaecat cupidatat non proident, sunt in culpa qui officia deserunt mollit anim id est laborum.;https://ror.org/05xvt9f17;Lorem, ipsum, dolor, sit, amet;Leiden University Medical Center;Leids Universitair Medisch Centrum;biobankorganisatie@lumc.nl;https://ror.org/05xvt9f17;https://www.lumc.nl;HEAL;1800;23009
MAA CURA OMT;MAA CURA OMT;RESTRICTED;https://eur-lex.europa.eu/eli/reg/2025/327/oj;LUMC Biobankorganisatie;biobankorganisatie@lumc.nl;dr. M. (Marije) Slingerland;M.Slingerland@lumc.nl;https://ror.org/05xvt9f17;https://www.lumc.nl;Lorem ipsum dolor sit amet, consectetur adipiscing elit, sed do eiusmod tempor incididunt ut labore et dolore magna aliqua. Ut enim ad minim veniam, quis nostrud exercitation ullamco laboris nisi ut aliquip ex ea commodo consequat. Duis aute irure dolor in reprehenderit in voluptate velit esse cillum dolore eu fugiat nulla pariatur. Excepteur sint occaecat cupidatat non proident, sunt in culpa qui officia deserunt mollit anim id est laborum.;Lorem ipsum dolor sit amet, consectetur adipiscing elit, sed do eiusmod tempor incididunt ut labore et dolore magna aliqua. Ut enim ad minim veniam, quis nostrud exercitation ullamco laboris nisi ut aliquip ex ea commodo consequat. Duis aute irure dolor in reprehenderit in voluptate velit esse cillum dolore eu fugiat nulla pariatur. Excepteur sint occaecat cupidatat non proident, sunt in culpa qui officia deserunt mollit anim id est laborum.;https://ror.org/05xvt9f17;Lorem, ipsum, dolor, sit, amet;Leiden University Medical Center;Leids Universitair Medisch Centrum;biobankorganisatie@lumc.nl;https://ror.org/05xvt9f17;https://www.lumc.nl;HEAL;232;617
MAA CURA PANC;MAA CURA PANC;RESTRICTED;https://eur-lex.europa.eu/eli/reg/2025/327/oj;LUMC Biobankorganisatie;biobankorganisatie@lumc.nl;prof.dr. M.E. (Monique) van Leerdam;M.E.van_Leerdam@lumc.nl;https://ror.org/05xvt9f17;https://www.lumc.nl;Lorem ipsum dolor sit amet, consectetur adipiscing elit, sed do eiusmod tempor incididunt ut labore et dolore magna aliqua. Ut enim ad minim veniam, quis nostrud exercitation ullamco laboris nisi ut aliquip ex ea commodo consequat. Duis aute irure dolor in reprehenderit in voluptate velit esse cillum dolore eu fugiat nulla pariatur. Excepteur sint occaecat cupidatat non proident, sunt in culpa qui officia deserunt mollit anim id est laborum.;Lorem ipsum dolor sit amet, consectetur adipiscing elit, sed do eiusmod tempor incididunt ut labore et dolore magna aliqua. Ut enim ad minim veniam, quis nostrud exercitation ullamco laboris nisi ut aliquip ex ea commodo consequat. Duis aute irure dolor in reprehenderit in voluptate velit esse cillum dolore eu fugiat nulla pariatur. Excepteur sint occaecat cupidatat non proident, sunt in culpa qui officia deserunt mollit anim id est laborum.;https://ror.org/05xvt9f17;Lorem, ipsum, dolor, sit, amet;Leiden University Medical Center;Leids Universitair Medisch Centrum;biobankorganisatie@lumc.nl;https://ror.org/05xvt9f17;https://www.lumc.nl;HEAL;547;2313
MAA PSI CRC;MAA PSI CRC;RESTRICTED;https://eur-lex.europa.eu/eli/reg/2025/327/oj;LUMC Biobankorganisatie;biobankorganisatie@lumc.nl;dr. L.J.A.C. (Luuk) Hawinkels;L.J.A.C.Hawinkels@lumc.nl;https://ror.org/05xvt9f17;https://www.lumc.nl;Lorem ipsum dolor sit amet, consectetur adipiscing elit, sed do eiusmod tempor incididunt ut labore et dolore magna aliqua. Ut enim ad minim veniam, quis nostrud exercitation ullamco laboris nisi ut aliquip ex ea commodo consequat. Duis aute irure dolor in reprehenderit in voluptate velit esse cillum dolore eu fugiat nulla pariatur. Excepteur sint occaecat cupidatat non proident, sunt in culpa qui officia deserunt mollit anim id est laborum.;Lorem ipsum dolor sit amet, consectetur adipiscing elit, sed do eiusmod tempor incididunt ut labore et dolore magna aliqua. Ut enim ad minim veniam, quis nostrud exercitation ullamco laboris nisi ut aliquip ex ea commodo consequat. Duis aute irure dolor in reprehenderit in voluptate velit esse cillum dolore eu fugiat nulla pariatur. Excepteur sint occaecat cupidatat non proident, sunt in culpa qui officia deserunt mollit anim id est laborum.;https://ror.org/05xvt9f17;Lorem, ipsum, dolor, sit, amet;Leiden University Medical Center;Leids Universitair Medisch Centrum;biobankorganisatie@lumc.nl;https://ror.org/05xvt9f17;https://www.lumc.nl;HEAL;344;1359
MAA PSI HCCA;MAA PSI HCCA;RESTRICTED;https://eur-lex.europa.eu/eli/reg/2025/327/oj;LUMC Biobankorganisatie;biobankorganisatie@lumc.nl;prof.dr. M.J. (Minneke) Coenraad;M.J.Coenraad@lumc.nl;https://ror.org/05xvt9f17;https://www.lumc.nl;Lorem ipsum dolor sit amet, consectetur adipiscing elit, sed do eiusmod tempor incididunt ut labore et dolore magna aliqua. Ut enim ad minim veniam, quis nostrud exercitation ullamco laboris nisi ut aliquip ex ea commodo consequat. Duis aute irure dolor in reprehenderit in voluptate velit esse cillum dolore eu fugiat nulla pariatur. Excepteur sint occaecat cupidatat non proident, sunt in culpa qui officia deserunt mollit anim id est laborum.;Lorem ipsum dolor sit amet, consectetur adipiscing elit, sed do eiusmod tempor incididunt ut labore et dolore magna aliqua. Ut enim ad minim veniam, quis nostrud exercitation ullamco laboris nisi ut aliquip ex ea commodo consequat. Duis aute irure dolor in reprehenderit in voluptate velit esse cillum dolore eu fugiat nulla pariatur. Excepteur sint occaecat cupidatat non proident, sunt in culpa qui officia deserunt mollit anim id est laborum.;https://ror.org/05xvt9f17;Lorem, ipsum, dolor, sit, amet;Leiden University Medical Center;Leids Universitair Medisch Centrum;biobankorganisatie@lumc.nl;https://ror.org/05xvt9f17;https://www.lumc.nl;HEAL;336;1684
MAA PSI IBD;MAA PSI IBD;RESTRICTED;https://eur-lex.europa.eu/eli/reg/2025/327/oj;LUMC Biobankorganisatie;biobankorganisatie@lumc.nl;dr. A.E. (Andrea) van der Meulen - de Jong;ae.meulen@lumc.nl;https://ror.org/05xvt9f17;https://www.lumc.nl;Lorem ipsum dolor sit amet, consectetur adipiscing elit, sed do eiusmod tempor incididunt ut labore et dolore magna aliqua. Ut enim ad minim veniam, quis nostrud exercitation ullamco laboris nisi ut aliquip ex ea commodo consequat. Duis aute irure dolor in reprehenderit in voluptate velit esse cillum dolore eu fugiat nulla pariatur. Excepteur sint occaecat cupidatat non proident, sunt in culpa qui officia deserunt mollit anim id est laborum.;Lorem ipsum dolor sit amet, consectetur adipiscing elit, sed do eiusmod tempor incididunt ut labore et dolore magna aliqua. Ut enim ad minim veniam, quis nostrud exercitation ullamco laboris nisi ut aliquip ex ea commodo consequat. Duis aute irure dolor in reprehenderit in voluptate velit esse cillum dolore eu fugiat nulla pariatur. Excepteur sint occaecat cupidatat non proident, sunt in culpa qui officia deserunt mollit anim id est laborum.;https://ror.org/05xvt9f17;Lorem, ipsum, dolor, sit, amet;Leiden University Medical Center;Leids Universitair Medisch Centrum;biobankorganisatie@lumc.nl;https://ror.org/05xvt9f17;https://www.lumc.nl;HEAL;655;1896
MAA PSI OMT;MAA PSI OMT;RESTRICTED;https://eur-lex.europa.eu/eli/reg/2025/327/oj;LUMC Biobankorganisatie;biobankorganisatie@lumc.nl;dr. M. (Marije) Slingerland;M.Slingerland@lumc.nl;https://ror.org/05xvt9f17;https://www.lumc.nl;Lorem ipsum dolor sit amet, consectetur adipiscing elit, sed do eiusmod tempor incididunt ut labore et dolore magna aliqua. Ut enim ad minim veniam, quis nostrud exercitation ullamco laboris nisi ut aliquip ex ea commodo consequat. Duis aute irure dolor in reprehenderit in voluptate velit esse cillum dolore eu fugiat nulla pariatur. Excepteur sint occaecat cupidatat non proident, sunt in culpa qui officia deserunt mollit anim id est laborum.;Lorem ipsum dolor sit amet, consectetur adipiscing elit, sed do eiusmod tempor incididunt ut labore et dolore magna aliqua. Ut enim ad minim veniam, quis nostrud exercitation ullamco laboris nisi ut aliquip ex ea commodo consequat. Duis aute irure dolor in reprehenderit in voluptate velit esse cillum dolore eu fugiat nulla pariatur. Excepteur sint occaecat cupidatat non proident, sunt in culpa qui officia deserunt mollit anim id est laborum.;https://ror.org/05xvt9f17;Lorem, ipsum, dolor, sit, amet;Leiden University Medical Center;Leids Universitair Medisch Centrum;biobankorganisatie@lumc.nl;https://ror.org/05xvt9f17;https://www.lumc.nl;HEAL;225;1340
MAA PSI PANC;MAA PSI PANC;RESTRICTED;https://eur-lex.europa.eu/eli/reg/2025/327/oj;LUMC Biobankorganisatie;biobankorganisatie@lumc.nl;prof.dr. M.E. (Monique) van Leerdam;M.E.van_Leerdam@lumc.nl;https://ror.org/05xvt9f17;https://www.lumc.nl;Lorem ipsum dolor sit amet, consectetur adipiscing elit, sed do eiusmod tempor incididunt ut labore et dolore magna aliqua. Ut enim ad minim veniam, quis nostrud exercitation ullamco laboris nisi ut aliquip ex ea commodo consequat. Duis aute irure dolor in reprehenderit in voluptate velit esse cillum dolore eu fugiat nulla pariatur. Excepteur sint occaecat cupidatat non proident, sunt in culpa qui officia deserunt mollit anim id est laborum.;Lorem ipsum dolor sit amet, consectetur adipiscing elit, sed do eiusmod tempor incididunt ut labore et dolore magna aliqua. Ut enim ad minim veniam, quis nostrud exercitation ullamco laboris nisi ut aliquip ex ea commodo consequat. Duis aute irure dolor in reprehenderit in voluptate velit esse cillum dolore eu fugiat nulla pariatur. Excepteur sint occaecat cupidatat non proident, sunt in culpa qui officia deserunt mollit anim id est laborum.;https://ror.org/05xvt9f17;Lorem, ipsum, dolor, sit, amet;Leiden University Medical Center;Leids Universitair Medisch Centrum;biobankorganisatie@lumc.nl;https://ror.org/05xvt9f17;https://www.lumc.nl;HEAL;122;452
MeO CURA ONCO;MeO CURA ONCO;RESTRICTED;https://eur-lex.europa.eu/eli/reg/2025/327/oj;LUMC Biobankorganisatie;biobankorganisatie@lumc.nl;prof. A.J. (Hans) Gelderblom;A.J.Gelderblom@lumc.nl;https://ror.org/05xvt9f17;https://www.lumc.nl;Lorem ipsum dolor sit amet, consectetur adipiscing elit, sed do eiusmod tempor incididunt ut labore et dolore magna aliqua. Ut enim ad minim veniam, quis nostrud exercitation ullamco laboris nisi ut aliquip ex ea commodo consequat. Duis aute irure dolor in reprehenderit in voluptate velit esse cillum dolore eu fugiat nulla pariatur. Excepteur sint occaecat cupidatat non proident, sunt in culpa qui officia deserunt mollit anim id est laborum.;Lorem ipsum dolor sit amet, consectetur adipiscing elit, sed do eiusmod tempor incididunt ut labore et dolore magna aliqua. Ut enim ad minim veniam, quis nostrud exercitation ullamco laboris nisi ut aliquip ex ea commodo consequat. Duis aute irure dolor in reprehenderit in voluptate velit esse cillum dolore eu fugiat nulla pariatur. Excepteur sint occaecat cupidatat non proident, sunt in culpa qui officia deserunt mollit anim id est laborum.;https://ror.org/05xvt9f17;Lorem, ipsum, dolor, sit, amet;Leiden University Medical Center;Leids Universitair Medisch Centrum;biobankorganisatie@lumc.nl;https://ror.org/05xvt9f17;https://www.lumc.nl;HEAL;62;576
MM CURA BIA;MM CURA BIA;RESTRICTED;https://eur-lex.europa.eu/eli/reg/2025/327/oj;LUMC Biobankorganisatie;biobankorganisatie@lumc.nl;dr. J.J.C. (Jutte) de Vries;J.J.C.de_Vries@lumc.nl;https://ror.org/05xvt9f17;https://www.lumc.nl;Lorem ipsum dolor sit amet, consectetur adipiscing elit, sed do eiusmod tempor incididunt ut labore et dolore magna aliqua. Ut enim ad minim veniam, quis nostrud exercitation ullamco laboris nisi ut aliquip ex ea commodo consequat. Duis aute irure dolor in reprehenderit in voluptate velit esse cillum dolore eu fugiat nulla pariatur. Excepteur sint occaecat cupidatat non proident, sunt in culpa qui officia deserunt mollit anim id est laborum.;Lorem ipsum dolor sit amet, consectetur adipiscing elit, sed do eiusmod tempor incididunt ut labore et dolore magna aliqua. Ut enim ad minim veniam, quis nostrud exercitation ullamco laboris nisi ut aliquip ex ea commodo consequat. Duis aute irure dolor in reprehenderit in voluptate velit esse cillum dolore eu fugiat nulla pariatur. Excepteur sint occaecat cupidatat non proident, sunt in culpa qui officia deserunt mollit anim id est laborum.;https://ror.org/05xvt9f17;Lorem, ipsum, dolor, sit, amet;Leiden University Medical Center;Leids Universitair Medisch Centrum;biobankorganisatie@lumc.nl;https://ror.org/05xvt9f17;https://www.lumc.nl;HEAL;257;1078
MM CURA LYMFE;MM CURA LYMFE;RESTRICTED;https://eur-lex.europa.eu/eli/reg/2025/327/oj;LUMC Biobankorganisatie;biobankorganisatie@lumc.nl;dr. S.P. (Simon) Jochems;S.P.Jochems@lumc.nl;https://ror.org/05xvt9f17;https://www.lumc.nl;Lorem ipsum dolor sit amet, consectetur adipiscing elit, sed do eiusmod tempor incididunt ut labore et dolore magna aliqua. Ut enim ad minim veniam, quis nostrud exercitation ullamco laboris nisi ut aliquip ex ea commodo consequat. Duis aute irure dolor in reprehenderit in voluptate velit esse cillum dolore eu fugiat nulla pariatur. Excepteur sint occaecat cupidatat non proident, sunt in culpa qui officia deserunt mollit anim id est laborum.;Lorem ipsum dolor sit amet, consectetur adipiscing elit, sed do eiusmod tempor incididunt ut labore et dolore magna aliqua. Ut enim ad minim veniam, quis nostrud exercitation ullamco laboris nisi ut aliquip ex ea commodo consequat. Duis aute irure dolor in reprehenderit in voluptate velit esse cillum dolore eu fugiat nulla pariatur. Excepteur sint occaecat cupidatat non proident, sunt in culpa qui officia deserunt mollit anim id est laborum.;https://ror.org/05xvt9f17;Lorem, ipsum, dolor, sit, amet;Leiden University Medical Center;Leids Universitair Medisch Centrum;biobankorganisatie@lumc.nl;https://ror.org/05xvt9f17;https://www.lumc.nl;HEAL;6;7
MM CURA TONSIL;MM CURA TONSIL;RESTRICTED;https://eur-lex.europa.eu/eli/reg/2025/327/oj;LUMC Biobankorganisatie;biobankorganisatie@lumc.nl;dr. S.P. (Simon) Jochems;S.P.Jochems@lumc.nl;https://ror.org/05xvt9f17;https://www.lumc.nl;Lorem ipsum dolor sit amet, consectetur adipiscing elit, sed do eiusmod tempor incididunt ut labore et dolore magna aliqua. Ut enim ad minim veniam, quis nostrud exercitation ullamco laboris nisi ut aliquip ex ea commodo consequat. Duis aute irure dolor in reprehenderit in voluptate velit esse cillum dolore eu fugiat nulla pariatur. Excepteur sint occaecat cupidatat non proident, sunt in culpa qui officia deserunt mollit anim id est laborum.;Lorem ipsum dolor sit amet, consectetur adipiscing elit, sed do eiusmod tempor incididunt ut labore et dolore magna aliqua. Ut enim ad minim veniam, quis nostrud exercitation ullamco laboris nisi ut aliquip ex ea commodo consequat. Duis aute irure dolor in reprehenderit in voluptate velit esse cillum dolore eu fugiat nulla pariatur. Excepteur sint occaecat cupidatat non proident, sunt in culpa qui officia deserunt mollit anim id est laborum.;https://ror.org/05xvt9f17;Lorem, ipsum, dolor, sit, amet;Leiden University Medical Center;Leids Universitair Medisch Centrum;biobankorganisatie@lumc.nl;https://ror.org/05xvt9f17;https://www.lumc.nl;HEAL;37;495
NEU CURA CHPIJN;NEU CURA CHPIJN;RESTRICTED;https://eur-lex.europa.eu/eli/reg/2025/327/oj;LUMC Biobankorganisatie;biobankorganisatie@lumc.nl;dr. R. (Rolf) Fronczek;R.Fronczek@lumc.nl;https://ror.org/05xvt9f17;https://www.lumc.nl;Lorem ipsum dolor sit amet, consectetur adipiscing elit, sed do eiusmod tempor incididunt ut labore et dolore magna aliqua. Ut enim ad minim veniam, quis nostrud exercitation ullamco laboris nisi ut aliquip ex ea commodo consequat. Duis aute irure dolor in reprehenderit in voluptate velit esse cillum dolore eu fugiat nulla pariatur. Excepteur sint occaecat cupidatat non proident, sunt in culpa qui officia deserunt mollit anim id est laborum.;Lorem ipsum dolor sit amet, consectetur adipiscing elit, sed do eiusmod tempor incididunt ut labore et dolore magna aliqua. Ut enim ad minim veniam, quis nostrud exercitation ullamco laboris nisi ut aliquip ex ea commodo consequat. Duis aute irure dolor in reprehenderit in voluptate velit esse cillum dolore eu fugiat nulla pariatur. Excepteur sint occaecat cupidatat non proident, sunt in culpa qui officia deserunt mollit anim id est laborum.;https://ror.org/05xvt9f17;Lorem, ipsum, dolor, sit, amet;Leiden University Medical Center;Leids Universitair Medisch Centrum;biobankorganisatie@lumc.nl;https://ror.org/05xvt9f17;https://www.lumc.nl;HEAL;70;259
NEU CURA CORONIS;NEU CURA CORONIS;RESTRICTED;https://eur-lex.europa.eu/eli/reg/2025/327/oj;LUMC Biobankorganisatie;biobankorganisatie@lumc.nl;prof.dr. M.V. (Menno) Huisman;M.V.Huisman@lumc.nl;https://ror.org/05xvt9f17;https://www.lumc.nl;Lorem ipsum dolor sit amet, consectetur adipiscing elit, sed do eiusmod tempor incididunt ut labore et dolore magna aliqua. Ut enim ad minim veniam, quis nostrud exercitation ullamco laboris nisi ut aliquip ex ea commodo consequat. Duis aute irure dolor in reprehenderit in voluptate velit esse cillum dolore eu fugiat nulla pariatur. Excepteur sint occaecat cupidatat non proident, sunt in culpa qui officia deserunt mollit anim id est laborum.;Lorem ipsum dolor sit amet, consectetur adipiscing elit, sed do eiusmod tempor incididunt ut labore et dolore magna aliqua. Ut enim ad minim veniam, quis nostrud exercitation ullamco laboris nisi ut aliquip ex ea commodo consequat. Duis aute irure dolor in reprehenderit in voluptate velit esse cillum dolore eu fugiat nulla pariatur. Excepteur sint occaecat cupidatat non proident, sunt in culpa qui officia deserunt mollit anim id est laborum.;https://ror.org/05xvt9f17;Lorem, ipsum, dolor, sit, amet;Leiden University Medical Center;Leids Universitair Medisch Centrum;biobankorganisatie@lumc.nl;https://ror.org/05xvt9f17;https://www.lumc.nl;HEAL;47;247
NEU CURA CREW;NEU CURA CREW;RESTRICTED;https://eur-lex.europa.eu/eli/reg/2025/327/oj;LUMC Biobankorganisatie;biobankorganisatie@lumc.nl;prof.dr. G.M. (Gisela) Terwindt;G.M.Terwindt@lumc.nl;https://ror.org/05xvt9f17;https://www.lumc.nl;Lorem ipsum dolor sit amet, consectetur adipiscing elit, sed do eiusmod tempor incididunt ut labore et dolore magna aliqua. Ut enim ad minim veniam, quis nostrud exercitation ullamco laboris nisi ut aliquip ex ea commodo consequat. Duis aute irure dolor in reprehenderit in voluptate velit esse cillum dolore eu fugiat nulla pariatur. Excepteur sint occaecat cupidatat non proident, sunt in culpa qui officia deserunt mollit anim id est laborum.;Lorem ipsum dolor sit amet, consectetur adipiscing elit, sed do eiusmod tempor incididunt ut labore et dolore magna aliqua. Ut enim ad minim veniam, quis nostrud exercitation ullamco laboris nisi ut aliquip ex ea commodo consequat. Duis aute irure dolor in reprehenderit in voluptate velit esse cillum dolore eu fugiat nulla pariatur. Excepteur sint occaecat cupidatat non proident, sunt in culpa qui officia deserunt mollit anim id est laborum.;https://ror.org/05xvt9f17;Lorem, ipsum, dolor, sit, amet;Leiden University Medical Center;Leids Universitair Medisch Centrum;biobankorganisatie@lumc.nl;https://ror.org/05xvt9f17;https://www.lumc.nl;HEAL;200;1008
NEU CURA CVA;NEU CURA CVA;RESTRICTED;https://eur-lex.europa.eu/eli/reg/2025/327/oj;LUMC Biobankorganisatie;biobankorganisatie@lumc.nl;prof.dr. J.J.G.M. (Jan) Verschuuren;J.J.G.M.Verschuuren@lumc.nl;https://ror.org/05xvt9f17;https://www.lumc.nl;Lorem ipsum dolor sit amet, consectetur adipiscing elit, sed do eiusmod tempor incididunt ut labore et dolore magna aliqua. Ut enim ad minim veniam, quis nostrud exercitation ullamco laboris nisi ut aliquip ex ea commodo consequat. Duis aute irure dolor in reprehenderit in voluptate velit esse cillum dolore eu fugiat nulla pariatur. Excepteur sint occaecat cupidatat non proident, sunt in culpa qui officia deserunt mollit anim id est laborum.;Lorem ipsum dolor sit amet, consectetur adipiscing elit, sed do eiusmod tempor incididunt ut labore et dolore magna aliqua. Ut enim ad minim veniam, quis nostrud exercitation ullamco laboris nisi ut aliquip ex ea commodo consequat. Duis aute irure dolor in reprehenderit in voluptate velit esse cillum dolore eu fugiat nulla pariatur. Excepteur sint occaecat cupidatat non proident, sunt in culpa qui officia deserunt mollit anim id est laborum.;https://ror.org/05xvt9f17;Lorem, ipsum, dolor, sit, amet;Leiden University Medical Center;Leids Universitair Medisch Centrum;biobankorganisatie@lumc.nl;https://ror.org/05xvt9f17;https://www.lumc.nl;HEAL;1127;2700
NEU CURA DBMD;NEU CURA DBMD;RESTRICTED;https://eur-lex.europa.eu/eli/reg/2025/327/oj;LUMC Biobankorganisatie;biobankorganisatie@lumc.nl;prof.dr. J.J.G.M. (Jan) Verschuuren;J.J.G.M.Verschuuren@lumc.nl;https://ror.org/05xvt9f17;https://www.lumc.nl;Lorem ipsum dolor sit amet, consectetur adipiscing elit, sed do eiusmod tempor incididunt ut labore et dolore magna aliqua. Ut enim ad minim veniam, quis nostrud exercitation ullamco laboris nisi ut aliquip ex ea commodo consequat. Duis aute irure dolor in reprehenderit in voluptate velit esse cillum dolore eu fugiat nulla pariatur. Excepteur sint occaecat cupidatat non proident, sunt in culpa qui officia deserunt mollit anim id est laborum.;Lorem ipsum dolor sit amet, consectetur adipiscing elit, sed do eiusmod tempor incididunt ut labore et dolore magna aliqua. Ut enim ad minim veniam, quis nostrud exercitation ullamco laboris nisi ut aliquip ex ea commodo consequat. Duis aute irure dolor in reprehenderit in voluptate velit esse cillum dolore eu fugiat nulla pariatur. Excepteur sint occaecat cupidatat non proident, sunt in culpa qui officia deserunt mollit anim id est laborum.;https://ror.org/05xvt9f17;Lorem, ipsum, dolor, sit, amet;Leiden University Medical Center;Leids Universitair Medisch Centrum;biobankorganisatie@lumc.nl;https://ror.org/05xvt9f17;https://www.lumc.nl;HEAL;106;586
NEU CURA FIT2D;NEU CURA FIT2D;RESTRICTED;https://eur-lex.europa.eu/eli/reg/2025/327/oj;LUMC Biobankorganisatie;biobankorganisatie@lumc.nl;prof.dr. J.J.G.M. (Jan) Verschuuren;J.J.G.M.Verschuuren@lumc.nl;https://ror.org/05xvt9f17;https://www.lumc.nl;Lorem ipsum dolor sit amet, consectetur adipiscing elit, sed do eiusmod tempor incididunt ut labore et dolore magna aliqua. Ut enim ad minim veniam, quis nostrud exercitation ullamco laboris nisi ut aliquip ex ea commodo consequat. Duis aute irure dolor in reprehenderit in voluptate velit esse cillum dolore eu fugiat nulla pariatur. Excepteur sint occaecat cupidatat non proident, sunt in culpa qui officia deserunt mollit anim id est laborum.;Lorem ipsum dolor sit amet, consectetur adipiscing elit, sed do eiusmod tempor incididunt ut labore et dolore magna aliqua. Ut enim ad minim veniam, quis nostrud exercitation ullamco laboris nisi ut aliquip ex ea commodo consequat. Duis aute irure dolor in reprehenderit in voluptate velit esse cillum dolore eu fugiat nulla pariatur. Excepteur sint occaecat cupidatat non proident, sunt in culpa qui officia deserunt mollit anim id est laborum.;https://ror.org/05xvt9f17;Lorem, ipsum, dolor, sit, amet;Leiden University Medical Center;Leids Universitair Medisch Centrum;biobankorganisatie@lumc.nl;https://ror.org/05xvt9f17;https://www.lumc.nl;HEAL;1;3
NEU CURA HCHWA-D;NEU CURA HCHWA-D;RESTRICTED;https://eur-lex.europa.eu/eli/reg/2025/327/oj;LUMC Biobankorganisatie;biobankorganisatie@lumc.nl;dr. E.S. (Ellis) van Etten;E.S.van_Etten@lumc.nl;https://ror.org/05xvt9f17;https://www.lumc.nl;Lorem ipsum dolor sit amet, consectetur adipiscing elit, sed do eiusmod tempor incididunt ut labore et dolore magna aliqua. Ut enim ad minim veniam, quis nostrud exercitation ullamco laboris nisi ut aliquip ex ea commodo consequat. Duis aute irure dolor in reprehenderit in voluptate velit esse cillum dolore eu fugiat nulla pariatur. Excepteur sint occaecat cupidatat non proident, sunt in culpa qui officia deserunt mollit anim id est laborum.;Lorem ipsum dolor sit amet, consectetur adipiscing elit, sed do eiusmod tempor incididunt ut labore et dolore magna aliqua. Ut enim ad minim veniam, quis nostrud exercitation ullamco laboris nisi ut aliquip ex ea commodo consequat. Duis aute irure dolor in reprehenderit in voluptate velit esse cillum dolore eu fugiat nulla pariatur. Excepteur sint occaecat cupidatat non proident, sunt in culpa qui officia deserunt mollit anim id est laborum.;https://ror.org/05xvt9f17;Lorem, ipsum, dolor, sit, amet;Leiden University Medical Center;Leids Universitair Medisch Centrum;biobankorganisatie@lumc.nl;https://ror.org/05xvt9f17;https://www.lumc.nl;HEAL;209;1925
NEU CURA HPIJN;NEU CURA HPIJN;RESTRICTED;https://eur-lex.europa.eu/eli/reg/2025/327/oj;LUMC Biobankorganisatie;biobankorganisatie@lumc.nl;prof.dr. G.M. (Gisela) Terwindt;G.M.Terwindt@lumc.nl;https://ror.org/05xvt9f17;https://www.lumc.nl;Lorem ipsum dolor sit amet, consectetur adipiscing elit, sed do eiusmod tempor incididunt ut labore et dolore magna aliqua. Ut enim ad minim veniam, quis nostrud exercitation ullamco laboris nisi ut aliquip ex ea commodo consequat. Duis aute irure dolor in reprehenderit in voluptate velit esse cillum dolore eu fugiat nulla pariatur. Excepteur sint occaecat cupidatat non proident, sunt in culpa qui officia deserunt mollit anim id est laborum.;Lorem ipsum dolor sit amet, consectetur adipiscing elit, sed do eiusmod tempor incididunt ut labore et dolore magna aliqua. Ut enim ad minim veniam, quis nostrud exercitation ullamco laboris nisi ut aliquip ex ea commodo consequat. Duis aute irure dolor in reprehenderit in voluptate velit esse cillum dolore eu fugiat nulla pariatur. Excepteur sint occaecat cupidatat non proident, sunt in culpa qui officia deserunt mollit anim id est laborum.;https://ror.org/05xvt9f17;Lorem, ipsum, dolor, sit, amet;Leiden University Medical Center;Leids Universitair Medisch Centrum;biobankorganisatie@lumc.nl;https://ror.org/05xvt9f17;https://www.lumc.nl;HEAL;548;3187
NEU CURA HunD;NEU CURA HunD;RESTRICTED;https://eur-lex.europa.eu/eli/reg/2025/327/oj;LUMC Biobankorganisatie;biobankorganisatie@lumc.nl;dr. S.T. (Susanne) de Bot;S.T.de_Bot@lumc.nl;https://ror.org/05xvt9f17;https://www.lumc.nl;Lorem ipsum dolor sit amet, consectetur adipiscing elit, sed do eiusmod tempor incididunt ut labore et dolore magna aliqua. Ut enim ad minim veniam, quis nostrud exercitation ullamco laboris nisi ut aliquip ex ea commodo consequat. Duis aute irure dolor in reprehenderit in voluptate velit esse cillum dolore eu fugiat nulla pariatur. Excepteur sint occaecat cupidatat non proident, sunt in culpa qui officia deserunt mollit anim id est laborum.;Lorem ipsum dolor sit amet, consectetur adipiscing elit, sed do eiusmod tempor incididunt ut labore et dolore magna aliqua. Ut enim ad minim veniam, quis nostrud exercitation ullamco laboris nisi ut aliquip ex ea commodo consequat. Duis aute irure dolor in reprehenderit in voluptate velit esse cillum dolore eu fugiat nulla pariatur. Excepteur sint occaecat cupidatat non proident, sunt in culpa qui officia deserunt mollit anim id est laborum.;https://ror.org/05xvt9f17;Lorem, ipsum, dolor, sit, amet;Leiden University Medical Center;Leids Universitair Medisch Centrum;biobankorganisatie@lumc.nl;https://ror.org/05xvt9f17;https://www.lumc.nl;HEAL;503;5017
NEU CURA MG173;NEU CURA MG173;RESTRICTED;https://eur-lex.europa.eu/eli/reg/2025/327/oj;LUMC Biobankorganisatie;biobankorganisatie@lumc.nl;prof.dr. J.J.G.M. (Jan) Verschuuren;J.J.G.M.Verschuuren@lumc.nl;https://ror.org/05xvt9f17;https://www.lumc.nl;Lorem ipsum dolor sit amet, consectetur adipiscing elit, sed do eiusmod tempor incididunt ut labore et dolore magna aliqua. Ut enim ad minim veniam, quis nostrud exercitation ullamco laboris nisi ut aliquip ex ea commodo consequat. Duis aute irure dolor in reprehenderit in voluptate velit esse cillum dolore eu fugiat nulla pariatur. Excepteur sint occaecat cupidatat non proident, sunt in culpa qui officia deserunt mollit anim id est laborum.;Lorem ipsum dolor sit amet, consectetur adipiscing elit, sed do eiusmod tempor incididunt ut labore et dolore magna aliqua. Ut enim ad minim veniam, quis nostrud exercitation ullamco laboris nisi ut aliquip ex ea commodo consequat. Duis aute irure dolor in reprehenderit in voluptate velit esse cillum dolore eu fugiat nulla pariatur. Excepteur sint occaecat cupidatat non proident, sunt in culpa qui officia deserunt mollit anim id est laborum.;https://ror.org/05xvt9f17;Lorem, ipsum, dolor, sit, amet;Leiden University Medical Center;Leids Universitair Medisch Centrum;biobankorganisatie@lumc.nl;https://ror.org/05xvt9f17;https://www.lumc.nl;HEAL;115;226
NEU CURA NARCO;NEU CURA NARCO;RESTRICTED;https://eur-lex.europa.eu/eli/reg/2025/327/oj;LUMC Biobankorganisatie;biobankorganisatie@lumc.nl;prof.dr. J.J.G.M. (Jan) Verschuuren;J.J.G.M.Verschuuren@lumc.nl;https://ror.org/05xvt9f17;https://www.lumc.nl;Lorem ipsum dolor sit amet, consectetur adipiscing elit, sed do eiusmod tempor incididunt ut labore et dolore magna aliqua. Ut enim ad minim veniam, quis nostrud exercitation ullamco laboris nisi ut aliquip ex ea commodo consequat. Duis aute irure dolor in reprehenderit in voluptate velit esse cillum dolore eu fugiat nulla pariatur. Excepteur sint occaecat cupidatat non proident, sunt in culpa qui officia deserunt mollit anim id est laborum.;Lorem ipsum dolor sit amet, consectetur adipiscing elit, sed do eiusmod tempor incididunt ut labore et dolore magna aliqua. Ut enim ad minim veniam, quis nostrud exercitation ullamco laboris nisi ut aliquip ex ea commodo consequat. Duis aute irure dolor in reprehenderit in voluptate velit esse cillum dolore eu fugiat nulla pariatur. Excepteur sint occaecat cupidatat non proident, sunt in culpa qui officia deserunt mollit anim id est laborum.;https://ror.org/05xvt9f17;Lorem, ipsum, dolor, sit, amet;Leiden University Medical Center;Leids Universitair Medisch Centrum;biobankorganisatie@lumc.nl;https://ror.org/05xvt9f17;https://www.lumc.nl;HEAL;87;242
NEU CURA NMZ;NEU CURA NMZ;RESTRICTED;https://eur-lex.europa.eu/eli/reg/2025/327/oj;LUMC Biobankorganisatie;biobankorganisatie@lumc.nl;prof.dr. J.J.G.M. (Jan) Verschuuren;J.J.G.M.Verschuuren@lumc.nl;https://ror.org/05xvt9f17;https://www.lumc.nl;Lorem ipsum dolor sit amet, consectetur adipiscing elit, sed do eiusmod tempor incididunt ut labore et dolore magna aliqua. Ut enim ad minim veniam, quis nostrud exercitation ullamco laboris nisi ut aliquip ex ea commodo consequat. Duis aute irure dolor in reprehenderit in voluptate velit esse cillum dolore eu fugiat nulla pariatur. Excepteur sint occaecat cupidatat non proident, sunt in culpa qui officia deserunt mollit anim id est laborum.;Lorem ipsum dolor sit amet, consectetur adipiscing elit, sed do eiusmod tempor incididunt ut labore et dolore magna aliqua. Ut enim ad minim veniam, quis nostrud exercitation ullamco laboris nisi ut aliquip ex ea commodo consequat. Duis aute irure dolor in reprehenderit in voluptate velit esse cillum dolore eu fugiat nulla pariatur. Excepteur sint occaecat cupidatat non proident, sunt in culpa qui officia deserunt mollit anim id est laborum.;https://ror.org/05xvt9f17;Lorem, ipsum, dolor, sit, amet;Leiden University Medical Center;Leids Universitair Medisch Centrum;biobankorganisatie@lumc.nl;https://ror.org/05xvt9f17;https://www.lumc.nl;HEAL;802;5873
NEU CURA PARK;NEU CURA PARK;RESTRICTED;https://eur-lex.europa.eu/eli/reg/2025/327/oj;LUMC Biobankorganisatie;biobankorganisatie@lumc.nl;prof.dr. J.J.G.M. (Jan) Verschuuren;J.J.G.M.Verschuuren@lumc.nl;https://ror.org/05xvt9f17;https://www.lumc.nl;Lorem ipsum dolor sit amet, consectetur adipiscing elit, sed do eiusmod tempor incididunt ut labore et dolore magna aliqua. Ut enim ad minim veniam, quis nostrud exercitation ullamco laboris nisi ut aliquip ex ea commodo consequat. Duis aute irure dolor in reprehenderit in voluptate velit esse cillum dolore eu fugiat nulla pariatur. Excepteur sint occaecat cupidatat non proident, sunt in culpa qui officia deserunt mollit anim id est laborum.;Lorem ipsum dolor sit amet, consectetur adipiscing elit, sed do eiusmod tempor incididunt ut labore et dolore magna aliqua. Ut enim ad minim veniam, quis nostrud exercitation ullamco laboris nisi ut aliquip ex ea commodo consequat. Duis aute irure dolor in reprehenderit in voluptate velit esse cillum dolore eu fugiat nulla pariatur. Excepteur sint occaecat cupidatat non proident, sunt in culpa qui officia deserunt mollit anim id est laborum.;https://ror.org/05xvt9f17;Lorem, ipsum, dolor, sit, amet;Leiden University Medical Center;Leids Universitair Medisch Centrum;biobankorganisatie@lumc.nl;https://ror.org/05xvt9f17;https://www.lumc.nl;HEAL;154;418
NEU CURA PPARK;NEU CURA PPARK;RESTRICTED;https://eur-lex.europa.eu/eli/reg/2025/327/oj;LUMC Biobankorganisatie;biobankorganisatie@lumc.nl;dr. M.F. (Fiorella) Contarino;M.F.Contarino@lumc.nl;https://ror.org/05xvt9f17;https://www.lumc.nl;Lorem ipsum dolor sit amet, consectetur adipiscing elit, sed do eiusmod tempor incididunt ut labore et dolore magna aliqua. Ut enim ad minim veniam, quis nostrud exercitation ullamco laboris nisi ut aliquip ex ea commodo consequat. Duis aute irure dolor in reprehenderit in voluptate velit esse cillum dolore eu fugiat nulla pariatur. Excepteur sint occaecat cupidatat non proident, sunt in culpa qui officia deserunt mollit anim id est laborum.;Lorem ipsum dolor sit amet, consectetur adipiscing elit, sed do eiusmod tempor incididunt ut labore et dolore magna aliqua. Ut enim ad minim veniam, quis nostrud exercitation ullamco laboris nisi ut aliquip ex ea commodo consequat. Duis aute irure dolor in reprehenderit in voluptate velit esse cillum dolore eu fugiat nulla pariatur. Excepteur sint occaecat cupidatat non proident, sunt in culpa qui officia deserunt mollit anim id est laborum.;https://ror.org/05xvt9f17;Lorem, ipsum, dolor, sit, amet;Leiden University Medical Center;Leids Universitair Medisch Centrum;biobankorganisatie@lumc.nl;https://ror.org/05xvt9f17;https://www.lumc.nl;HEAL;289;2414
NEU CURA RVCL;NEU CURA RVCL;RESTRICTED;https://eur-lex.europa.eu/eli/reg/2025/327/oj;LUMC Biobankorganisatie;biobankorganisatie@lumc.nl;prof.dr. G.M. (Gisela) Terwindt;G.M.Terwindt@lumc.nl;https://ror.org/05xvt9f17;https://www.lumc.nl;Lorem ipsum dolor sit amet, consectetur adipiscing elit, sed do eiusmod tempor incididunt ut labore et dolore magna aliqua. Ut enim ad minim veniam, quis nostrud exercitation ullamco laboris nisi ut aliquip ex ea commodo consequat. Duis aute irure dolor in reprehenderit in voluptate velit esse cillum dolore eu fugiat nulla pariatur. Excepteur sint occaecat cupidatat non proident, sunt in culpa qui officia deserunt mollit anim id est laborum.;Lorem ipsum dolor sit amet, consectetur adipiscing elit, sed do eiusmod tempor incididunt ut labore et dolore magna aliqua. Ut enim ad minim veniam, quis nostrud exercitation ullamco laboris nisi ut aliquip ex ea commodo consequat. Duis aute irure dolor in reprehenderit in voluptate velit esse cillum dolore eu fugiat nulla pariatur. Excepteur sint occaecat cupidatat non proident, sunt in culpa qui officia deserunt mollit anim id est laborum.;https://ror.org/05xvt9f17;Lorem, ipsum, dolor, sit, amet;Leiden University Medical Center;Leids Universitair Medisch Centrum;biobankorganisatie@lumc.nl;https://ror.org/05xvt9f17;https://www.lumc.nl;HEAL;182;2007
NEU CURA sCAA;NEU CURA sCAA;RESTRICTED;https://eur-lex.europa.eu/eli/reg/2025/327/oj;LUMC Biobankorganisatie;biobankorganisatie@lumc.nl;dr. E.S. (Ellis) van Etten;E.S.van_Etten@lumc.nl;https://ror.org/05xvt9f17;https://www.lumc.nl;Lorem ipsum dolor sit amet, consectetur adipiscing elit, sed do eiusmod tempor incididunt ut labore et dolore magna aliqua. Ut enim ad minim veniam, quis nostrud exercitation ullamco laboris nisi ut aliquip ex ea commodo consequat. Duis aute irure dolor in reprehenderit in voluptate velit esse cillum dolore eu fugiat nulla pariatur. Excepteur sint occaecat cupidatat non proident, sunt in culpa qui officia deserunt mollit anim id est laborum.;Lorem ipsum dolor sit amet, consectetur adipiscing elit, sed do eiusmod tempor incididunt ut labore et dolore magna aliqua. Ut enim ad minim veniam, quis nostrud exercitation ullamco laboris nisi ut aliquip ex ea commodo consequat. Duis aute irure dolor in reprehenderit in voluptate velit esse cillum dolore eu fugiat nulla pariatur. Excepteur sint occaecat cupidatat non proident, sunt in culpa qui officia deserunt mollit anim id est laborum.;https://ror.org/05xvt9f17;Lorem, ipsum, dolor, sit, amet;Leiden University Medical Center;Leids Universitair Medisch Centrum;biobankorganisatie@lumc.nl;https://ror.org/05xvt9f17;https://www.lumc.nl;HEAL;190;1439
NEU CURA WHAT;NEU CURA WHAT;RESTRICTED;https://eur-lex.europa.eu/eli/reg/2025/327/oj;LUMC Biobankorganisatie;biobankorganisatie@lumc.nl;prof.dr. G.M. (Gisela) Terwindt;G.M.Terwindt@lumc.nl;https://ror.org/05xvt9f17;https://www.lumc.nl;Lorem ipsum dolor sit amet, consectetur adipiscing elit, sed do eiusmod tempor incididunt ut labore et dolore magna aliqua. Ut enim ad minim veniam, quis nostrud exercitation ullamco laboris nisi ut aliquip ex ea commodo consequat. Duis aute irure dolor in reprehenderit in voluptate velit esse cillum dolore eu fugiat nulla pariatur. Excepteur sint occaecat cupidatat non proident, sunt in culpa qui officia deserunt mollit anim id est laborum.;Lorem ipsum dolor sit amet, consectetur adipiscing elit, sed do eiusmod tempor incididunt ut labore et dolore magna aliqua. Ut enim ad minim veniam, quis nostrud exercitation ullamco laboris nisi ut aliquip ex ea commodo consequat. Duis aute irure dolor in reprehenderit in voluptate velit esse cillum dolore eu fugiat nulla pariatur. Excepteur sint occaecat cupidatat non proident, sunt in culpa qui officia deserunt mollit anim id est laborum.;https://ror.org/05xvt9f17;Lorem, ipsum, dolor, sit, amet;Leiden University Medical Center;Leids Universitair Medisch Centrum;biobankorganisatie@lumc.nl;https://ror.org/05xvt9f17;https://www.lumc.nl;HEAL;54;876
NEU PSI CVA;NEU PSI CVA;RESTRICTED;https://eur-lex.europa.eu/eli/reg/2025/327/oj;LUMC Biobankorganisatie;biobankorganisatie@lumc.nl;prof.dr. J.J.G.M. (Jan) Verschuuren;J.J.G.M.Verschuuren@lumc.nl;https://ror.org/05xvt9f17;https://www.lumc.nl;Lorem ipsum dolor sit amet, consectetur adipiscing elit, sed do eiusmod tempor incididunt ut labore et dolore magna aliqua. Ut enim ad minim veniam, quis nostrud exercitation ullamco laboris nisi ut aliquip ex ea commodo consequat. Duis aute irure dolor in reprehenderit in voluptate velit esse cillum dolore eu fugiat nulla pariatur. Excepteur sint occaecat cupidatat non proident, sunt in culpa qui officia deserunt mollit anim id est laborum.;Lorem ipsum dolor sit amet, consectetur adipiscing elit, sed do eiusmod tempor incididunt ut labore et dolore magna aliqua. Ut enim ad minim veniam, quis nostrud exercitation ullamco laboris nisi ut aliquip ex ea commodo consequat. Duis aute irure dolor in reprehenderit in voluptate velit esse cillum dolore eu fugiat nulla pariatur. Excepteur sint occaecat cupidatat non proident, sunt in culpa qui officia deserunt mollit anim id est laborum.;https://ror.org/05xvt9f17;Lorem, ipsum, dolor, sit, amet;Leiden University Medical Center;Leids Universitair Medisch Centrum;biobankorganisatie@lumc.nl;https://ror.org/05xvt9f17;https://www.lumc.nl;HEAL;963;1924
NEU PSI DVMD;NEU PSI DVMD;RESTRICTED;https://eur-lex.europa.eu/eli/reg/2025/327/oj;LUMC Biobankorganisatie;biobankorganisatie@lumc.nl;prof.dr. J.J.G.M. (Jan) Verschuuren;J.J.G.M.Verschuuren@lumc.nl;https://ror.org/05xvt9f17;https://www.lumc.nl;Lorem ipsum dolor sit amet, consectetur adipiscing elit, sed do eiusmod tempor incididunt ut labore et dolore magna aliqua. Ut enim ad minim veniam, quis nostrud exercitation ullamco laboris nisi ut aliquip ex ea commodo consequat. Duis aute irure dolor in reprehenderit in voluptate velit esse cillum dolore eu fugiat nulla pariatur. Excepteur sint occaecat cupidatat non proident, sunt in culpa qui officia deserunt mollit anim id est laborum.;Lorem ipsum dolor sit amet, consectetur adipiscing elit, sed do eiusmod tempor incididunt ut labore et dolore magna aliqua. Ut enim ad minim veniam, quis nostrud exercitation ullamco laboris nisi ut aliquip ex ea commodo consequat. Duis aute irure dolor in reprehenderit in voluptate velit esse cillum dolore eu fugiat nulla pariatur. Excepteur sint occaecat cupidatat non proident, sunt in culpa qui officia deserunt mollit anim id est laborum.;https://ror.org/05xvt9f17;Lorem, ipsum, dolor, sit, amet;Leiden University Medical Center;Leids Universitair Medisch Centrum;biobankorganisatie@lumc.nl;https://ror.org/05xvt9f17;https://www.lumc.nl;HEAL;0;0
NIE CURA C-RGN;NIE CURA C-RGN;RESTRICTED;https://eur-lex.europa.eu/eli/reg/2025/327/oj;LUMC Biobankorganisatie;biobankorganisatie@lumc.nl;prof.dr. Y.K.O. (Onno) Teng;Y.K.O.Teng@lumc.nl;https://ror.org/05xvt9f17;https://www.lumc.nl;Lorem ipsum dolor sit amet, consectetur adipiscing elit, sed do eiusmod tempor incididunt ut labore et dolore magna aliqua. Ut enim ad minim veniam, quis nostrud exercitation ullamco laboris nisi ut aliquip ex ea commodo consequat. Duis aute irure dolor in reprehenderit in voluptate velit esse cillum dolore eu fugiat nulla pariatur. Excepteur sint occaecat cupidatat non proident, sunt in culpa qui officia deserunt mollit anim id est laborum.;Lorem ipsum dolor sit amet, consectetur adipiscing elit, sed do eiusmod tempor incididunt ut labore et dolore magna aliqua. Ut enim ad minim veniam, quis nostrud exercitation ullamco laboris nisi ut aliquip ex ea commodo consequat. Duis aute irure dolor in reprehenderit in voluptate velit esse cillum dolore eu fugiat nulla pariatur. Excepteur sint occaecat cupidatat non proident, sunt in culpa qui officia deserunt mollit anim id est laborum.;https://ror.org/05xvt9f17;Lorem, ipsum, dolor, sit, amet;Leiden University Medical Center;Leids Universitair Medisch Centrum;biobankorganisatie@lumc.nl;https://ror.org/05xvt9f17;https://www.lumc.nl;HEAL;18;73
NIE CURA LuVaCS;NIE CURA LuVaCS;RESTRICTED;https://eur-lex.europa.eu/eli/reg/2025/327/oj;LUMC Biobankorganisatie;biobankorganisatie@lumc.nl;prof.dr. Y.K.O. (Onno) Teng;Y.K.O.Teng@lumc.nl;https://ror.org/05xvt9f17;https://www.lumc.nl;Lorem ipsum dolor sit amet, consectetur adipiscing elit, sed do eiusmod tempor incididunt ut labore et dolore magna aliqua. Ut enim ad minim veniam, quis nostrud exercitation ullamco laboris nisi ut aliquip ex ea commodo consequat. Duis aute irure dolor in reprehenderit in voluptate velit esse cillum dolore eu fugiat nulla pariatur. Excepteur sint occaecat cupidatat non proident, sunt in culpa qui officia deserunt mollit anim id est laborum.;Lorem ipsum dolor sit amet, consectetur adipiscing elit, sed do eiusmod tempor incididunt ut labore et dolore magna aliqua. Ut enim ad minim veniam, quis nostrud exercitation ullamco laboris nisi ut aliquip ex ea commodo consequat. Duis aute irure dolor in reprehenderit in voluptate velit esse cillum dolore eu fugiat nulla pariatur. Excepteur sint occaecat cupidatat non proident, sunt in culpa qui officia deserunt mollit anim id est laborum.;https://ror.org/05xvt9f17;Lorem, ipsum, dolor, sit, amet;Leiden University Medical Center;Leids Universitair Medisch Centrum;biobankorganisatie@lumc.nl;https://ror.org/05xvt9f17;https://www.lumc.nl;HEAL;269;1693
NIE CURA NIFA;NIE CURA NIFA;RESTRICTED;https://eur-lex.europa.eu/eli/reg/2025/327/oj;LUMC Biobankorganisatie;biobankorganisatie@lumc.nl;prof.dr. J.I. (Joris) Rotmans;J.I.Rotmans@lumc.nl;https://ror.org/05xvt9f17;https://www.lumc.nl;Lorem ipsum dolor sit amet, consectetur adipiscing elit, sed do eiusmod tempor incididunt ut labore et dolore magna aliqua. Ut enim ad minim veniam, quis nostrud exercitation ullamco laboris nisi ut aliquip ex ea commodo consequat. Duis aute irure dolor in reprehenderit in voluptate velit esse cillum dolore eu fugiat nulla pariatur. Excepteur sint occaecat cupidatat non proident, sunt in culpa qui officia deserunt mollit anim id est laborum.;Lorem ipsum dolor sit amet, consectetur adipiscing elit, sed do eiusmod tempor incididunt ut labore et dolore magna aliqua. Ut enim ad minim veniam, quis nostrud exercitation ullamco laboris nisi ut aliquip ex ea commodo consequat. Duis aute irure dolor in reprehenderit in voluptate velit esse cillum dolore eu fugiat nulla pariatur. Excepteur sint occaecat cupidatat non proident, sunt in culpa qui officia deserunt mollit anim id est laborum.;https://ror.org/05xvt9f17;Lorem, ipsum, dolor, sit, amet;Leiden University Medical Center;Leids Universitair Medisch Centrum;biobankorganisatie@lumc.nl;https://ror.org/05xvt9f17;https://www.lumc.nl;HEAL;204;799
NIE CURA NTX;NIE CURA NTX;RESTRICTED;https://eur-lex.europa.eu/eli/reg/2025/327/oj;LUMC Biobankorganisatie;biobankorganisatie@lumc.nl;dr. A.P.J. (Aiko) de Vries;A.P.J.de_Vries@lumc.nl;https://ror.org/05xvt9f17;https://www.lumc.nl;Lorem ipsum dolor sit amet, consectetur adipiscing elit, sed do eiusmod tempor incididunt ut labore et dolore magna aliqua. Ut enim ad minim veniam, quis nostrud exercitation ullamco laboris nisi ut aliquip ex ea commodo consequat. Duis aute irure dolor in reprehenderit in voluptate velit esse cillum dolore eu fugiat nulla pariatur. Excepteur sint occaecat cupidatat non proident, sunt in culpa qui officia deserunt mollit anim id est laborum.;Lorem ipsum dolor sit amet, consectetur adipiscing elit, sed do eiusmod tempor incididunt ut labore et dolore magna aliqua. Ut enim ad minim veniam, quis nostrud exercitation ullamco laboris nisi ut aliquip ex ea commodo consequat. Duis aute irure dolor in reprehenderit in voluptate velit esse cillum dolore eu fugiat nulla pariatur. Excepteur sint occaecat cupidatat non proident, sunt in culpa qui officia deserunt mollit anim id est laborum.;https://ror.org/05xvt9f17;Lorem, ipsum, dolor, sit, amet;Leiden University Medical Center;Leids Universitair Medisch Centrum;biobankorganisatie@lumc.nl;https://ror.org/05xvt9f17;https://www.lumc.nl;HEAL;1650;21860
NIE CURA SLE;NIE CURA SLE;RESTRICTED;https://eur-lex.europa.eu/eli/reg/2025/327/oj;LUMC Biobankorganisatie;biobankorganisatie@lumc.nl;prof.dr. Y.K.O. (Onno) Teng;Y.K.O.Teng@lumc.nl;https://ror.org/05xvt9f17;https://www.lumc.nl;Lorem ipsum dolor sit amet, consectetur adipiscing elit, sed do eiusmod tempor incididunt ut labore et dolore magna aliqua. Ut enim ad minim veniam, quis nostrud exercitation ullamco laboris nisi ut aliquip ex ea commodo consequat. Duis aute irure dolor in reprehenderit in voluptate velit esse cillum dolore eu fugiat nulla pariatur. Excepteur sint occaecat cupidatat non proident, sunt in culpa qui officia deserunt mollit anim id est laborum.;Lorem ipsum dolor sit amet, consectetur adipiscing elit, sed do eiusmod tempor incididunt ut labore et dolore magna aliqua. Ut enim ad minim veniam, quis nostrud exercitation ullamco laboris nisi ut aliquip ex ea commodo consequat. Duis aute irure dolor in reprehenderit in voluptate velit esse cillum dolore eu fugiat nulla pariatur. Excepteur sint occaecat cupidatat non proident, sunt in culpa qui officia deserunt mollit anim id est laborum.;https://ror.org/05xvt9f17;Lorem, ipsum, dolor, sit, amet;Leiden University Medical Center;Leids Universitair Medisch Centrum;biobankorganisatie@lumc.nl;https://ror.org/05xvt9f17;https://www.lumc.nl;HEAL;156;1769
NIE CURA VASC;NIE CURA VASC;RESTRICTED;https://eur-lex.europa.eu/eli/reg/2025/327/oj;LUMC Biobankorganisatie;biobankorganisatie@lumc.nl;prof.dr. Y.K.O. (Onno) Teng;Y.K.O.Teng@lumc.nl;https://ror.org/05xvt9f17;https://www.lumc.nl;Lorem ipsum dolor sit amet, consectetur adipiscing elit, sed do eiusmod tempor incididunt ut labore et dolore magna aliqua. Ut enim ad minim veniam, quis nostrud exercitation ullamco laboris nisi ut aliquip ex ea commodo consequat. Duis aute irure dolor in reprehenderit in voluptate velit esse cillum dolore eu fugiat nulla pariatur. Excepteur sint occaecat cupidatat non proident, sunt in culpa qui officia deserunt mollit anim id est laborum.;Lorem ipsum dolor sit amet, consectetur adipiscing elit, sed do eiusmod tempor incididunt ut labore et dolore magna aliqua. Ut enim ad minim veniam, quis nostrud exercitation ullamco laboris nisi ut aliquip ex ea commodo consequat. Duis aute irure dolor in reprehenderit in voluptate velit esse cillum dolore eu fugiat nulla pariatur. Excepteur sint occaecat cupidatat non proident, sunt in culpa qui officia deserunt mollit anim id est laborum.;https://ror.org/05xvt9f17;Lorem, ipsum, dolor, sit, amet;Leiden University Medical Center;Leids Universitair Medisch Centrum;biobankorganisatie@lumc.nl;https://ror.org/05xvt9f17;https://www.lumc.nl;HEAL;71;772
NIE PSI NIFA;NIE PSI NIFA;RESTRICTED;https://eur-lex.europa.eu/eli/reg/2025/327/oj;LUMC Biobankorganisatie;biobankorganisatie@lumc.nl;prof.dr. J.I. (Joris) Rotmans;J.I.Rotmans@lumc.nl;https://ror.org/05xvt9f17;https://www.lumc.nl;Lorem ipsum dolor sit amet, consectetur adipiscing elit, sed do eiusmod tempor incididunt ut labore et dolore magna aliqua. Ut enim ad minim veniam, quis nostrud exercitation ullamco laboris nisi ut aliquip ex ea commodo consequat. Duis aute irure dolor in reprehenderit in voluptate velit esse cillum dolore eu fugiat nulla pariatur. Excepteur sint occaecat cupidatat non proident, sunt in culpa qui officia deserunt mollit anim id est laborum.;Lorem ipsum dolor sit amet, consectetur adipiscing elit, sed do eiusmod tempor incididunt ut labore et dolore magna aliqua. Ut enim ad minim veniam, quis nostrud exercitation ullamco laboris nisi ut aliquip ex ea commodo consequat. Duis aute irure dolor in reprehenderit in voluptate velit esse cillum dolore eu fugiat nulla pariatur. Excepteur sint occaecat cupidatat non proident, sunt in culpa qui officia deserunt mollit anim id est laborum.;https://ror.org/05xvt9f17;Lorem, ipsum, dolor, sit, amet;Leiden University Medical Center;Leids Universitair Medisch Centrum;biobankorganisatie@lumc.nl;https://ror.org/05xvt9f17;https://www.lumc.nl;HEAL;205;820
OGN CURA NDZ;OGN CURA NDZ;RESTRICTED;https://eur-lex.europa.eu/eli/reg/2025/327/oj;LUMC Biobankorganisatie;biobankorganisatie@lumc.nl;prof.dr. J.J.G.M. (Jan) Verschuuren;J.J.G.M.Verschuuren@lumc.nl;https://ror.org/05xvt9f17;https://www.lumc.nl;Lorem ipsum dolor sit amet, consectetur adipiscing elit, sed do eiusmod tempor incididunt ut labore et dolore magna aliqua. Ut enim ad minim veniam, quis nostrud exercitation ullamco laboris nisi ut aliquip ex ea commodo consequat. Duis aute irure dolor in reprehenderit in voluptate velit esse cillum dolore eu fugiat nulla pariatur. Excepteur sint occaecat cupidatat non proident, sunt in culpa qui officia deserunt mollit anim id est laborum.;Lorem ipsum dolor sit amet, consectetur adipiscing elit, sed do eiusmod tempor incididunt ut labore et dolore magna aliqua. Ut enim ad minim veniam, quis nostrud exercitation ullamco laboris nisi ut aliquip ex ea commodo consequat. Duis aute irure dolor in reprehenderit in voluptate velit esse cillum dolore eu fugiat nulla pariatur. Excepteur sint occaecat cupidatat non proident, sunt in culpa qui officia deserunt mollit anim id est laborum.;https://ror.org/05xvt9f17;Lorem, ipsum, dolor, sit, amet;Leiden University Medical Center;Leids Universitair Medisch Centrum;biobankorganisatie@lumc.nl;https://ror.org/05xvt9f17;https://www.lumc.nl;HEAL;235;473
OGN PSI NDZ;OGN PSI NDZ;RESTRICTED;https://eur-lex.europa.eu/eli/reg/2025/327/oj;LUMC Biobankorganisatie;biobankorganisatie@lumc.nl;prof.dr. J.J.G.M. (Jan) Verschuuren;J.J.G.M.Verschuuren@lumc.nl;https://ror.org/05xvt9f17;https://www.lumc.nl;Lorem ipsum dolor sit amet, consectetur adipiscing elit, sed do eiusmod tempor incididunt ut labore et dolore magna aliqua. Ut enim ad minim veniam, quis nostrud exercitation ullamco laboris nisi ut aliquip ex ea commodo consequat. Duis aute irure dolor in reprehenderit in voluptate velit esse cillum dolore eu fugiat nulla pariatur. Excepteur sint occaecat cupidatat non proident, sunt in culpa qui officia deserunt mollit anim id est laborum.;Lorem ipsum dolor sit amet, consectetur adipiscing elit, sed do eiusmod tempor incididunt ut labore et dolore magna aliqua. Ut enim ad minim veniam, quis nostrud exercitation ullamco laboris nisi ut aliquip ex ea commodo consequat. Duis aute irure dolor in reprehenderit in voluptate velit esse cillum dolore eu fugiat nulla pariatur. Excepteur sint occaecat cupidatat non proident, sunt in culpa qui officia deserunt mollit anim id est laborum.;https://ror.org/05xvt9f17;Lorem, ipsum, dolor, sit, amet;Leiden University Medical Center;Leids Universitair Medisch Centrum;biobankorganisatie@lumc.nl;https://ror.org/05xvt9f17;https://www.lumc.nl;HEAL;234;473
OHK CURA OOG;OHK CURA OOG;RESTRICTED;https://eur-lex.europa.eu/eli/reg/2025/327/oj;LUMC Biobankorganisatie;biobankorganisatie@lumc.nl;dr. E.H.C. (Elon) van Dijk;E.H.C.van_Dijk@lumc.nl;https://ror.org/05xvt9f17;https://www.lumc.nl;Lorem ipsum dolor sit amet, consectetur adipiscing elit, sed do eiusmod tempor incididunt ut labore et dolore magna aliqua. Ut enim ad minim veniam, quis nostrud exercitation ullamco laboris nisi ut aliquip ex ea commodo consequat. Duis aute irure dolor in reprehenderit in voluptate velit esse cillum dolore eu fugiat nulla pariatur. Excepteur sint occaecat cupidatat non proident, sunt in culpa qui officia deserunt mollit anim id est laborum.;Lorem ipsum dolor sit amet, consectetur adipiscing elit, sed do eiusmod tempor incididunt ut labore et dolore magna aliqua. Ut enim ad minim veniam, quis nostrud exercitation ullamco laboris nisi ut aliquip ex ea commodo consequat. Duis aute irure dolor in reprehenderit in voluptate velit esse cillum dolore eu fugiat nulla pariatur. Excepteur sint occaecat cupidatat non proident, sunt in culpa qui officia deserunt mollit anim id est laborum.;https://ror.org/05xvt9f17;Lorem, ipsum, dolor, sit, amet;Leiden University Medical Center;Leids Universitair Medisch Centrum;biobankorganisatie@lumc.nl;https://ror.org/05xvt9f17;https://www.lumc.nl;HEAL;1658;5267
OHK CURA OOGUM;OHK CURA OOGUM;RESTRICTED;https://eur-lex.europa.eu/eli/reg/2025/327/oj;LUMC Biobankorganisatie;biobankorganisatie@lumc.nl;dr. T.H.K. (Khanh) Vu;T.H.K.Vu@lumc.nl;https://ror.org/05xvt9f17;https://www.lumc.nl;Lorem ipsum dolor sit amet, consectetur adipiscing elit, sed do eiusmod tempor incididunt ut labore et dolore magna aliqua. Ut enim ad minim veniam, quis nostrud exercitation ullamco laboris nisi ut aliquip ex ea commodo consequat. Duis aute irure dolor in reprehenderit in voluptate velit esse cillum dolore eu fugiat nulla pariatur. Excepteur sint occaecat cupidatat non proident, sunt in culpa qui officia deserunt mollit anim id est laborum.;Lorem ipsum dolor sit amet, consectetur adipiscing elit, sed do eiusmod tempor incididunt ut labore et dolore magna aliqua. Ut enim ad minim veniam, quis nostrud exercitation ullamco laboris nisi ut aliquip ex ea commodo consequat. Duis aute irure dolor in reprehenderit in voluptate velit esse cillum dolore eu fugiat nulla pariatur. Excepteur sint occaecat cupidatat non proident, sunt in culpa qui officia deserunt mollit anim id est laborum.;https://ror.org/05xvt9f17;Lorem, ipsum, dolor, sit, amet;Leiden University Medical Center;Leids Universitair Medisch Centrum;biobankorganisatie@lumc.nl;https://ror.org/05xvt9f17;https://www.lumc.nl;HEAL;401;1618
PSY CURA MARIO;PSY CURA MARIO;RESTRICTED;https://eur-lex.europa.eu/eli/reg/2025/327/oj;LUMC Biobankorganisatie;biobankorganisatie@lumc.nl;Prof. dr. R.R.J.M. (Robert) Vermeiren;R.R.J.M.Vermeiren@lumc.nl;https://ror.org/05xvt9f17;https://www.lumc.nl;Lorem ipsum dolor sit amet, consectetur adipiscing elit, sed do eiusmod tempor incididunt ut labore et dolore magna aliqua. Ut enim ad minim veniam, quis nostrud exercitation ullamco laboris nisi ut aliquip ex ea commodo consequat. Duis aute irure dolor in reprehenderit in voluptate velit esse cillum dolore eu fugiat nulla pariatur. Excepteur sint occaecat cupidatat non proident, sunt in culpa qui officia deserunt mollit anim id est laborum.;Lorem ipsum dolor sit amet, consectetur adipiscing elit, sed do eiusmod tempor incididunt ut labore et dolore magna aliqua. Ut enim ad minim veniam, quis nostrud exercitation ullamco laboris nisi ut aliquip ex ea commodo consequat. Duis aute irure dolor in reprehenderit in voluptate velit esse cillum dolore eu fugiat nulla pariatur. Excepteur sint occaecat cupidatat non proident, sunt in culpa qui officia deserunt mollit anim id est laborum.;https://ror.org/05xvt9f17;Lorem, ipsum, dolor, sit, amet;Leiden University Medical Center;Leids Universitair Medisch Centrum;biobankorganisatie@lumc.nl;https://ror.org/05xvt9f17;https://www.lumc.nl;HEAL;58;207
PTH CURA BWD;PTH CURA BWD;RESTRICTED;https://eur-lex.europa.eu/eli/reg/2025/327/oj;LUMC Biobankorganisatie;biobankorganisatie@lumc.nl;dr. A.M. (Anne-Marie) Cleton - Jansen;A.M.Cleton-Jansen@lumc.nl;https://ror.org/05xvt9f17;https://www.lumc.nl;Lorem ipsum dolor sit amet, consectetur adipiscing elit, sed do eiusmod tempor incididunt ut labore et dolore magna aliqua. Ut enim ad minim veniam, quis nostrud exercitation ullamco laboris nisi ut aliquip ex ea commodo consequat. Duis aute irure dolor in reprehenderit in voluptate velit esse cillum dolore eu fugiat nulla pariatur. Excepteur sint occaecat cupidatat non proident, sunt in culpa qui officia deserunt mollit anim id est laborum.;Lorem ipsum dolor sit amet, consectetur adipiscing elit, sed do eiusmod tempor incididunt ut labore et dolore magna aliqua. Ut enim ad minim veniam, quis nostrud exercitation ullamco laboris nisi ut aliquip ex ea commodo consequat. Duis aute irure dolor in reprehenderit in voluptate velit esse cillum dolore eu fugiat nulla pariatur. Excepteur sint occaecat cupidatat non proident, sunt in culpa qui officia deserunt mollit anim id est laborum.;https://ror.org/05xvt9f17;Lorem, ipsum, dolor, sit, amet;Leiden University Medical Center;Leids Universitair Medisch Centrum;biobankorganisatie@lumc.nl;https://ror.org/05xvt9f17;https://www.lumc.nl;HEAL;1499;2367
PTH CURA BWDO;PTH CURA BWDO;RESTRICTED;https://eur-lex.europa.eu/eli/reg/2025/327/oj;LUMC Biobankorganisatie;biobankorganisatie@lumc.nl;dr. A.M. (Anne-Marie) Cleton - Jansen;A.M.Cleton-Jansen@lumc.nl;https://ror.org/05xvt9f17;https://www.lumc.nl;Lorem ipsum dolor sit amet, consectetur adipiscing elit, sed do eiusmod tempor incididunt ut labore et dolore magna aliqua. Ut enim ad minim veniam, quis nostrud exercitation ullamco laboris nisi ut aliquip ex ea commodo consequat. Duis aute irure dolor in reprehenderit in voluptate velit esse cillum dolore eu fugiat nulla pariatur. Excepteur sint occaecat cupidatat non proident, sunt in culpa qui officia deserunt mollit anim id est laborum.;Lorem ipsum dolor sit amet, consectetur adipiscing elit, sed do eiusmod tempor incididunt ut labore et dolore magna aliqua. Ut enim ad minim veniam, quis nostrud exercitation ullamco laboris nisi ut aliquip ex ea commodo consequat. Duis aute irure dolor in reprehenderit in voluptate velit esse cillum dolore eu fugiat nulla pariatur. Excepteur sint occaecat cupidatat non proident, sunt in culpa qui officia deserunt mollit anim id est laborum.;https://ror.org/05xvt9f17;Lorem, ipsum, dolor, sit, amet;Leiden University Medical Center;Leids Universitair Medisch Centrum;biobankorganisatie@lumc.nl;https://ror.org/05xvt9f17;https://www.lumc.nl;HEAL;3;6
REU CURA EAC;REU CURA EAC;RESTRICTED;https://eur-lex.europa.eu/eli/reg/2025/327/oj;LUMC Biobankorganisatie;biobankorganisatie@lumc.nl;prof.dr. T.W.J. (Tom) Huizinga;T.W.J.Huizinga@lumc.nl;https://ror.org/05xvt9f17;https://www.lumc.nl;Lorem ipsum dolor sit amet, consectetur adipiscing elit, sed do eiusmod tempor incididunt ut labore et dolore magna aliqua. Ut enim ad minim veniam, quis nostrud exercitation ullamco laboris nisi ut aliquip ex ea commodo consequat. Duis aute irure dolor in reprehenderit in voluptate velit esse cillum dolore eu fugiat nulla pariatur. Excepteur sint occaecat cupidatat non proident, sunt in culpa qui officia deserunt mollit anim id est laborum.;Lorem ipsum dolor sit amet, consectetur adipiscing elit, sed do eiusmod tempor incididunt ut labore et dolore magna aliqua. Ut enim ad minim veniam, quis nostrud exercitation ullamco laboris nisi ut aliquip ex ea commodo consequat. Duis aute irure dolor in reprehenderit in voluptate velit esse cillum dolore eu fugiat nulla pariatur. Excepteur sint occaecat cupidatat non proident, sunt in culpa qui officia deserunt mollit anim id est laborum.;https://ror.org/05xvt9f17;Lorem, ipsum, dolor, sit, amet;Leiden University Medical Center;Leids Universitair Medisch Centrum;biobankorganisatie@lumc.nl;https://ror.org/05xvt9f17;https://www.lumc.nl;HEAL;2707;8991
REU PSI RAOA;REU PSI RAOA;RESTRICTED;https://eur-lex.europa.eu/eli/reg/2025/327/oj;LUMC Biobankorganisatie;biobankorganisatie@lumc.nl;prof.dr. T.W.J. (Tom) Huizinga;T.W.J.Huizinga@lumc.nl;https://ror.org/05xvt9f17;https://www.lumc.nl;Lorem ipsum dolor sit amet, consectetur adipiscing elit, sed do eiusmod tempor incididunt ut labore et dolore magna aliqua. Ut enim ad minim veniam, quis nostrud exercitation ullamco laboris nisi ut aliquip ex ea commodo consequat. Duis aute irure dolor in reprehenderit in voluptate velit esse cillum dolore eu fugiat nulla pariatur. Excepteur sint occaecat cupidatat non proident, sunt in culpa qui officia deserunt mollit anim id est laborum.;Lorem ipsum dolor sit amet, consectetur adipiscing elit, sed do eiusmod tempor incididunt ut labore et dolore magna aliqua. Ut enim ad minim veniam, quis nostrud exercitation ullamco laboris nisi ut aliquip ex ea commodo consequat. Duis aute irure dolor in reprehenderit in voluptate velit esse cillum dolore eu fugiat nulla pariatur. Excepteur sint occaecat cupidatat non proident, sunt in culpa qui officia deserunt mollit anim id est laborum.;https://ror.org/05xvt9f17;Lorem, ipsum, dolor, sit, amet;Leiden University Medical Center;Leids Universitair Medisch Centrum;biobankorganisatie@lumc.nl;https://ror.org/05xvt9f17;https://www.lumc.nl;HEAL;1543;2863
VDS CURA LuVDS;VDS CURA LuVDS;RESTRICTED;https://eur-lex.europa.eu/eli/reg/2025/327/oj;LUMC Biobankorganisatie;biobankorganisatie@lumc.nl;dr. E. (Ellis) Niemantsverdriet;E.Niemantsverdriet@lumc.nl;https://ror.org/05xvt9f17;https://www.lumc.nl;Lorem ipsum dolor sit amet, consectetur adipiscing elit, sed do eiusmod tempor incididunt ut labore et dolore magna aliqua. Ut enim ad minim veniam, quis nostrud exercitation ullamco laboris nisi ut aliquip ex ea commodo consequat. Duis aute irure dolor in reprehenderit in voluptate velit esse cillum dolore eu fugiat nulla pariatur. Excepteur sint occaecat cupidatat non proident, sunt in culpa qui officia deserunt mollit anim id est laborum.;Lorem ipsum dolor sit amet, consectetur adipiscing elit, sed do eiusmod tempor incididunt ut labore et dolore magna aliqua. Ut enim ad minim veniam, quis nostrud exercitation ullamco laboris nisi ut aliquip ex ea commodo consequat. Duis aute irure dolor in reprehenderit in voluptate velit esse cillum dolore eu fugiat nulla pariatur. Excepteur sint occaecat cupidatat non proident, sunt in culpa qui officia deserunt mollit anim id est laborum.;https://ror.org/05xvt9f17;Lorem, ipsum, dolor, sit, amet;Leiden University Medical Center;Leids Universitair Medisch Centrum;biobankorganisatie@lumc.nl;https://ror.org/05xvt9f17;https://www.lumc.nl;HEAL;177;1657
VRV CURA CHD;VRV CURA CHD;RESTRICTED;https://eur-lex.europa.eu/eli/reg/2025/327/oj;LUMC Biobankorganisatie;biobankorganisatie@lumc.nl;prof.dr. M.C. (Monique) Haak;M.C.Haak@lumc.nl;https://ror.org/05xvt9f17;https://www.lumc.nl;Lorem ipsum dolor sit amet, consectetur adipiscing elit, sed do eiusmod tempor incididunt ut labore et dolore magna aliqua. Ut enim ad minim veniam, quis nostrud exercitation ullamco laboris nisi ut aliquip ex ea commodo consequat. Duis aute irure dolor in reprehenderit in voluptate velit esse cillum dolore eu fugiat nulla pariatur. Excepteur sint occaecat cupidatat non proident, sunt in culpa qui officia deserunt mollit anim id est laborum.;Lorem ipsum dolor sit amet, consectetur adipiscing elit, sed do eiusmod tempor incididunt ut labore et dolore magna aliqua. Ut enim ad minim veniam, quis nostrud exercitation ullamco laboris nisi ut aliquip ex ea commodo consequat. Duis aute irure dolor in reprehenderit in voluptate velit esse cillum dolore eu fugiat nulla pariatur. Excepteur sint occaecat cupidatat non proident, sunt in culpa qui officia deserunt mollit anim id est laborum.;https://ror.org/05xvt9f17;Lorem, ipsum, dolor, sit, amet;Leiden University Medical Center;Leids Universitair Medisch Centrum;biobankorganisatie@lumc.nl;https://ror.org/05xvt9f17;https://www.lumc.nl;HEAL;399;848
VRV CURA FEND;VRV CURA FEND;RESTRICTED;https://eur-lex.europa.eu/eli/reg/2025/327/oj;LUMC Biobankorganisatie;biobankorganisatie@lumc.nl;prof.dr. M.C. (Monique) Haak;M.C.Haak@lumc.nl;https://ror.org/05xvt9f17;https://www.lumc.nl;Lorem ipsum dolor sit amet, consectetur adipiscing elit, sed do eiusmod tempor incididunt ut labore et dolore magna aliqua. Ut enim ad minim veniam, quis nostrud exercitation ullamco laboris nisi ut aliquip ex ea commodo consequat. Duis aute irure dolor in reprehenderit in voluptate velit esse cillum dolore eu fugiat nulla pariatur. Excepteur sint occaecat cupidatat non proident, sunt in culpa qui officia deserunt mollit anim id est laborum.;Lorem ipsum dolor sit amet, consectetur adipiscing elit, sed do eiusmod tempor incididunt ut labore et dolore magna aliqua. Ut enim ad minim veniam, quis nostrud exercitation ullamco laboris nisi ut aliquip ex ea commodo consequat. Duis aute irure dolor in reprehenderit in voluptate velit esse cillum dolore eu fugiat nulla pariatur. Excepteur sint occaecat cupidatat non proident, sunt in culpa qui officia deserunt mollit anim id est laborum.;https://ror.org/05xvt9f17;Lorem, ipsum, dolor, sit, amet;Leiden University Medical Center;Leids Universitair Medisch Centrum;biobankorganisatie@lumc.nl;https://ror.org/05xvt9f17;https://www.lumc.nl;HEAL;123;134
